Task_ID,Department,Task_Type,Priority,Deadline_Days,Estimated_Hours,Resource_Available
1,Tech,Payment,5,30,3,0
2,HR,Support,2,8,16,1
3,Marketing,Hiring,4,25,15,0
4,Tech,Hiring,3,10,11,1
5,Tech,Payment,3,2,18,0
6,HR,Campaign,2,9,15,0
7,Marketing,Support,3,24,5,1
8,Marketing,Hiring,3,23,16,1
9,Tech,Payment,1,3,16,1
10,Finance,Hiring,4,18,17,1
11,Tech,Support,4,7,9,0
12,Tech,Support,1,15,3,1
13,Tech,Development,1,21,20,0
14,Tech,Payment,3,22,13,1
15,HR,Support,5,20,3,0
16,Marketing,Development,3,18,7,1
17,HR,Development,1,25,6,0
18,HR,Hiring,4,3,9,0
19,HR,Hiring,3,28,12,0
20,Tech,Development,5,30,15,1
21,Finance,Hiring,3,23,20,1
22,Marketing,Support,2,14,3,1
23,Finance,Campaign,3,24,10,1
24,HR,Support,1,2,1,0
25,HR,Development,4,14,19,0
26,Finance,Development,4,22,19,0
27,Finance,Support,1,11,13,1
28,Finance,Hiring,2,16,12,0
29,HR,Hiring,1,8,1,0
30,HR,Development,3,7,19,1
31,Marketing,Payment,1,11,16,1
32,Marketing,Hiring,1,3,15,0
33,HR,Support,2,17,16,1
34,Finance,Hiring,3,14,11,1
35,Finance,Support,5,6,6,1
36,Marketing,Development,5,8,11,1
37,HR,Hiring,4,22,3,0
38,Marketing,Support,1,5,15,0
39,Marketing,Development,4,27,1,0
40,Tech,Payment,2,28,7,0
41,Tech,Support,5,8,1,0
42,Tech,Payment,1,2,17,1
43,Finance,Payment,2,15,9,0
44,HR,Campaign,2,12,13,0
45,HR,Hiring,1,17,11,1
46,HR,Support,2,1,20,1
47,HR,Payment,1,15,6,1
48,Tech,Campaign,1,14,1,0
49,Finance,Development,3,20,7,1
50,Finance,Support,4,22,12,1
51,Tech,Payment,2,16,20,1
52,Finance,Hiring,2,29,19,0
53,Tech,Campaign,3,9,17,1
54,HR,Payment,3,1,4,1
55,Tech,Hiring,3,28,3,0
56,HR,Payment,5,17,1,1
57,HR,Support,5,29,18,0
58,Marketing,Support,5,13,15,0
59,Tech,Support,1,21,8,1
60,Marketing,Campaign,2,26,1,0
61,Tech,Support,4,21,20,1
62,Tech,Hiring,1,5,14,1
63,Marketing,Payment,2,10,4,1
64,Marketing,Development,2,6,5,1
65,Tech,Hiring,3,24,13,0
66,Finance,Hiring,3,19,15,1
67,HR,Support,1,25,6,1
68,Marketing,Campaign,3,13,1,1
69,HR,Payment,2,1,19,0
70,Finance,Campaign,3,20,13,0
71,Finance,Payment,5,25,6,1
72,Finance,Payment,3,15,15,0
73,Marketing,Campaign,2,14,16,0
74,Finance,Hiring,1,8,16,1
75,Marketing,Payment,4,10,10,1
76,Finance,Campaign,3,9,9,1
77,HR,Payment,2,17,9,1
78,HR,Development,4,9,17,1
79,Tech,Hiring,4,3,17,0
80,HR,Support,5,11,17,1
81,Tech,Payment,4,12,12,1
82,HR,Development,2,10,13,1
83,Marketing,Support,2,25,12,1
84,HR,Support,3,17,14,1
85,Tech,Payment,3,17,10,0
86,Tech,Campaign,3,25,19,1
87,Finance,Payment,4,11,2,0
88,Marketing,Development,4,30,4,1
89,HR,Support,5,22,19,1
90,Finance,Payment,3,4,7,1
91,HR,Campaign,1,7,15,0
92,HR,Payment,5,21,15,1
93,Finance,Hiring,1,26,6,1
94,Finance,Campaign,4,14,3,1
95,Finance,Development,5,7,6,1
96,Finance,Support,5,24,16,1
97,Finance,Payment,2,8,2,1
98,HR,Campaign,4,1,7,1
99,Finance,Hiring,4,24,11,0
100,Marketing,Campaign,5,22,7,1
101,Tech,Hiring,4,4,4,1
102,Finance,Development,5,29,20,1
103,Finance,Support,2,30,7,0
104,HR,Development,5,12,4,0
105,Finance,Payment,4,24,12,1
106,Finance,Campaign,4,3,5,0
107,Finance,Hiring,5,13,19,1
108,HR,Hiring,5,20,5,1
109,Finance,Campaign,5,6,19,0
110,Tech,Campaign,3,11,3,1
111,HR,Payment,4,23,11,0
112,Tech,Development,4,4,7,0
113,HR,Hiring,3,20,17,0
114,Finance,Payment,5,16,9,1
115,Tech,Development,2,7,9,1
116,HR,Payment,5,22,10,1
117,Marketing,Hiring,5,29,13,1
118,Finance,Campaign,3,11,15,1
119,HR,Campaign,4,24,5,1
120,Marketing,Development,5,1,3,1
121,HR,Support,4,26,8,0
122,Marketing,Development,1,29,20,1
123,Finance,Support,4,27,10,1
124,Tech,Payment,2,7,13,1
125,Marketing,Payment,2,12,3,0
126,HR,Hiring,5,7,8,0
127,Finance,Support,4,27,9,0
128,Marketing,Hiring,5,23,12,1
129,HR,Campaign,3,7,11,0
130,HR,Support,2,10,2,0
131,HR,Development,5,30,18,1
132,Marketing,Campaign,3,16,9,1
133,Marketing,Campaign,5,26,2,1
134,Marketing,Development,4,8,2,0
135,Tech,Campaign,4,9,3,1
136,Marketing,Support,4,9,16,1
137,Marketing,Hiring,4,2,19,1
138,Marketing,Campaign,1,13,4,1
139,Tech,Support,3,13,18,1
140,Marketing,Payment,3,23,20,1
141,HR,Support,4,23,18,0
142,Marketing,Hiring,1,4,10,1
143,HR,Support,4,25,11,0
144,HR,Development,1,24,17,0
145,HR,Hiring,4,12,20,1
146,Tech,Payment,2,17,16,0
147,Tech,Development,2,2,20,0
148,Tech,Support,5,13,13,0
149,Marketing,Hiring,4,29,2,1
150,HR,Payment,3,18,2,0
151,Tech,Development,5,28,14,0
152,Tech,Payment,2,28,4,0
153,Marketing,Support,4,27,17,0
154,Tech,Payment,5,15,13,1
155,Marketing,Campaign,4,8,4,1
156,Finance,Development,2,15,3,0
157,Tech,Payment,5,1,12,1
158,Finance,Support,2,20,8,1
159,Marketing,Support,1,10,2,0
160,HR,Payment,2,12,6,1
161,Tech,Support,4,5,10,1
162,Marketing,Hiring,3,9,12,0
163,HR,Hiring,2,23,10,0
164,HR,Hiring,3,8,10,1
165,Finance,Campaign,1,16,3,1
166,Marketing,Payment,5,14,20,1
167,HR,Campaign,5,27,10,1
168,Tech,Support,3,25,9,0
169,Tech,Campaign,5,13,20,0
170,Finance,Support,2,23,19,0
171,HR,Support,3,21,14,0
172,Marketing,Development,4,13,2,0
173,Tech,Hiring,2,5,5,1
174,HR,Support,2,16,20,1
175,HR,Development,2,26,8,0
176,Finance,Hiring,4,11,7,0
177,Tech,Support,1,22,6,0
178,Tech,Support,5,5,11,1
179,Marketing,Campaign,3,13,12,1
180,Tech,Campaign,1,28,18,1
181,Marketing,Hiring,3,11,19,0
182,Tech,Support,5,25,10,0
183,Finance,Payment,4,19,14,0
184,Tech,Campaign,2,3,3,0
185,Marketing,Hiring,2,15,18,0
186,Marketing,Support,4,7,15,1
187,Finance,Support,1,7,6,0
188,Tech,Payment,1,6,10,1
189,Tech,Hiring,3,3,12,1
190,Finance,Support,4,30,7,1
191,Tech,Campaign,1,13,17,1
192,Tech,Payment,4,7,1,1
193,Marketing,Hiring,5,5,18,0
194,Tech,Payment,2,23,15,0
195,Tech,Campaign,2,18,19,0
196,Finance,Hiring,2,22,1,1
197,Finance,Payment,4,30,5,1
198,HR,Development,4,8,15,1
199,Marketing,Campaign,3,17,3,1
200,Tech,Campaign,2,20,1,1
201,Tech,Campaign,3,27,8,1
202,HR,Development,2,1,12,0
203,Tech,Development,3,14,19,1
204,Marketing,Support,3,17,12,1
205,HR,Payment,5,10,13,0
206,Marketing,Support,3,12,1,1
207,HR,Payment,4,16,19,0
208,HR,Development,3,14,6,0
209,Finance,Development,2,30,8,0
210,Marketing,Support,3,27,4,1
211,Tech,Hiring,1,16,5,0
212,Tech,Support,2,8,7,0
213,Marketing,Payment,1,23,4,1
214,Tech,Support,2,28,20,0
215,Tech,Campaign,4,10,4,1
216,Marketing,Payment,4,29,15,1
217,HR,Payment,4,17,5,0
218,Marketing,Hiring,1,27,9,1
219,HR,Development,5,30,2,1
220,Tech,Payment,2,29,7,0
221,Tech,Development,4,18,17,0
222,Tech,Support,2,20,16,0
223,Finance,Campaign,1,16,17,0
224,HR,Hiring,5,17,20,1
225,Finance,Development,1,16,2,0
226,Finance,Payment,2,19,11,0
227,Marketing,Development,5,24,2,0
228,Finance,Payment,5,24,1,1
229,Marketing,Development,1,8,2,1
230,Marketing,Payment,4,6,9,1
231,Finance,Support,2,6,2,1
232,HR,Payment,3,21,15,1
233,HR,Payment,3,29,10,0
234,HR,Campaign,1,9,15,1
235,HR,Payment,2,4,10,1
236,HR,Campaign,2,26,17,1
237,Finance,Hiring,1,12,9,0
238,Finance,Campaign,2,28,18,0
239,Tech,Support,4,12,4,1
240,HR,Campaign,1,23,9,0
241,Finance,Hiring,4,17,16,1
242,Tech,Support,2,15,4,0
243,HR,Development,1,9,16,0
244,Marketing,Development,2,7,19,1
245,Tech,Campaign,1,10,1,0
246,Finance,Campaign,2,16,6,1
247,Marketing,Hiring,4,12,10,1
248,Marketing,Hiring,4,25,16,1
249,Marketing,Payment,2,7,4,0
250,Tech,Hiring,1,18,13,0
251,Finance,Payment,3,15,16,1
252,Marketing,Support,4,6,20,1
253,HR,Campaign,4,26,6,0
254,Marketing,Support,3,12,11,1
255,Marketing,Hiring,2,11,3,0
256,Tech,Support,1,20,20,0
257,Tech,Support,2,3,10,0
258,Finance,Support,5,2,1,1
259,HR,Hiring,4,6,20,1
260,Tech,Support,5,24,11,0
261,Marketing,Payment,4,22,12,1
262,Finance,Hiring,4,25,14,1
263,Marketing,Support,5,30,8,0
264,Marketing,Hiring,5,5,11,0
265,Tech,Development,2,18,4,1
266,Finance,Payment,5,16,7,0
267,HR,Support,2,8,10,1
268,HR,Development,2,25,19,0
269,Tech,Development,2,30,4,0
270,Tech,Hiring,4,26,2,1
271,Finance,Development,4,20,18,1
272,HR,Payment,5,22,14,1
273,HR,Payment,4,11,16,1
274,HR,Campaign,5,10,11,1
275,Marketing,Payment,4,24,10,0
276,HR,Development,1,25,17,0
277,Marketing,Payment,1,12,14,1
278,Finance,Hiring,5,21,4,0
279,Marketing,Campaign,4,28,19,1
280,Finance,Development,4,6,2,0
281,HR,Campaign,2,27,7,0
282,HR,Development,3,20,9,1
283,Finance,Hiring,5,5,19,1
284,Tech,Campaign,3,23,16,1
285,Finance,Support,3,9,16,0
286,Tech,Development,5,26,18,1
287,Marketing,Support,4,27,11,1
288,Marketing,Campaign,5,29,7,1
289,Marketing,Support,3,16,9,1
290,HR,Support,4,22,4,1
291,Marketing,Campaign,1,14,13,1
292,Tech,Hiring,5,22,4,0
293,Marketing,Support,5,8,19,0
294,Finance,Support,4,27,2,0
295,Finance,Hiring,1,20,9,0
296,HR,Support,1,19,12,1
297,Finance,Support,4,14,2,1
298,Tech,Support,2,7,6,0
299,Marketing,Payment,5,5,5,0
300,HR,Hiring,5,18,5,0
301,Marketing,Support,3,2,20,1
302,Marketing,Hiring,4,11,5,1
303,Tech,Development,3,22,4,1
304,Finance,Development,3,8,9,0
305,Finance,Support,1,1,10,0
306,Marketing,Hiring,5,27,16,0
307,HR,Hiring,3,22,10,0
308,Finance,Hiring,1,12,10,0
309,HR,Payment,4,2,19,1
310,Finance,Development,3,18,10,1
311,HR,Hiring,5,7,6,1
312,Tech,Hiring,3,26,17,1
313,HR,Payment,4,17,5,1
314,Tech,Payment,3,22,6,0
315,Tech,Hiring,5,30,15,1
316,HR,Campaign,1,23,19,0
317,Tech,Hiring,5,14,18,1
318,Marketing,Hiring,1,24,4,0
319,Tech,Payment,2,7,8,0
320,Finance,Payment,5,22,16,0
321,HR,Hiring,5,25,19,0
322,Marketing,Hiring,4,29,20,0
323,HR,Hiring,3,3,3,0
324,Finance,Payment,1,27,10,1
325,Finance,Hiring,1,6,2,0
326,Finance,Hiring,4,20,4,0
327,Tech,Support,4,2,6,1
328,Tech,Campaign,3,17,11,0
329,HR,Development,3,12,14,1
330,HR,Campaign,5,12,16,1
331,Marketing,Support,2,30,19,0
332,Marketing,Development,3,17,2,0
333,HR,Hiring,4,27,17,1
334,Tech,Support,3,10,9,0
335,Finance,Hiring,1,3,17,1
336,HR,Payment,2,20,15,0
337,Marketing,Support,5,18,7,1
338,Tech,Payment,1,13,19,0
339,HR,Support,1,12,3,0
340,HR,Support,2,27,1,1
341,Tech,Payment,5,27,4,1
342,HR,Development,4,30,18,1
343,Tech,Campaign,5,27,8,1
344,Finance,Hiring,3,17,19,0
345,Tech,Support,1,4,6,1
346,Tech,Hiring,3,23,1,1
347,Tech,Payment,4,10,8,0
348,HR,Hiring,3,11,1,0
349,HR,Payment,5,6,19,1
350,Tech,Hiring,3,6,11,0
351,HR,Campaign,4,27,15,1
352,Marketing,Campaign,4,9,11,0
353,Marketing,Campaign,4,30,19,1
354,HR,Campaign,5,15,10,0
355,HR,Campaign,4,2,12,1
356,Tech,Campaign,1,4,1,1
357,Finance,Payment,4,5,7,0
358,HR,Support,3,17,17,0
359,Marketing,Hiring,3,8,10,1
360,Tech,Campaign,3,8,6,1
361,HR,Payment,5,22,17,0
362,Marketing,Payment,3,12,18,0
363,Marketing,Payment,5,21,5,0
364,Finance,Support,5,8,18,0
365,Tech,Hiring,4,19,17,0
366,Tech,Support,1,3,16,0
367,Finance,Development,4,18,8,0
368,Finance,Payment,4,21,13,0
369,Tech,Development,5,19,16,0
370,Tech,Campaign,5,19,11,1
371,HR,Campaign,3,15,6,0
372,HR,Support,3,6,3,0
373,Finance,Hiring,4,16,1,1
374,HR,Development,2,8,18,1
375,Marketing,Hiring,2,16,5,1
376,HR,Support,3,18,13,1
377,HR,Campaign,2,20,10,1
378,Marketing,Hiring,3,16,5,1
379,Finance,Hiring,5,11,14,0
380,Marketing,Campaign,4,7,17,1
381,HR,Development,1,17,1,1
382,Finance,Campaign,4,17,2,1
383,HR,Hiring,3,12,7,0
384,Marketing,Development,3,13,10,1
385,Marketing,Development,4,10,20,0
386,HR,Campaign,3,7,7,1
387,Tech,Hiring,2,14,16,1
388,Tech,Support,2,23,5,0
389,Marketing,Hiring,3,1,12,0
390,Marketing,Payment,3,17,17,1
391,Tech,Support,2,4,16,0
392,Tech,Development,3,21,20,0
393,HR,Support,3,5,16,1
394,HR,Development,4,20,19,1
395,Tech,Development,1,24,15,1
396,HR,Support,2,23,12,0
397,HR,Development,4,25,10,1
398,Finance,Development,1,7,2,1
399,HR,Payment,3,10,7,0
400,Marketing,Hiring,3,17,13,0
401,HR,Hiring,4,29,3,1
402,HR,Payment,3,30,15,0
403,Tech,Support,5,7,1,1
404,Marketing,Campaign,4,1,3,0
405,HR,Campaign,1,7,10,1
406,HR,Campaign,4,26,15,0
407,Finance,Payment,2,24,6,0
408,HR,Payment,4,11,20,0
409,HR,Development,3,9,15,0
410,Finance,Campaign,3,12,7,1
411,Tech,Support,5,3,5,0
412,HR,Support,5,4,4,1
413,Finance,Campaign,5,4,18,0
414,Marketing,Campaign,1,28,3,0
415,Tech,Campaign,5,25,17,1
416,Marketing,Payment,1,13,18,0
417,Marketing,Payment,5,23,18,0
418,Finance,Payment,1,19,2,1
419,HR,Hiring,4,10,13,0
420,Finance,Support,4,5,15,1
421,Finance,Support,3,7,5,0
422,Finance,Development,1,24,3,0
423,Finance,Payment,2,16,5,0
424,Tech,Hiring,3,1,5,1
425,HR,Hiring,4,12,5,0
426,Marketing,Support,1,2,3,0
427,Marketing,Payment,5,7,3,0
428,HR,Development,2,11,20,0
429,Marketing,Payment,4,29,18,0
430,HR,Campaign,3,30,20,0
431,Marketing,Payment,1,13,4,0
432,Finance,Campaign,2,2,1,0
433,Marketing,Campaign,1,7,16,0
434,HR,Development,5,15,8,1
435,HR,Support,3,25,17,0
436,HR,Payment,1,11,8,1
437,HR,Campaign,4,2,7,1
438,HR,Payment,3,7,8,1
439,Tech,Support,4,4,12,0
440,Tech,Support,1,11,16,1
441,Marketing,Hiring,3,29,12,1
442,HR,Support,4,2,19,1
443,Marketing,Development,5,29,10,0
444,HR,Campaign,5,16,7,1
445,HR,Hiring,1,7,12,0
446,Tech,Development,3,13,20,1
447,Tech,Payment,2,5,5,1
448,Finance,Campaign,3,17,16,0
449,Tech,Support,5,21,9,0
450,Finance,Campaign,4,12,7,1
451,Finance,Payment,2,28,20,1
452,Finance,Hiring,1,19,14,1
453,Finance,Hiring,2,7,11,0
454,Finance,Hiring,1,6,7,0
455,Marketing,Support,2,8,10,1
456,Tech,Development,1,13,9,1
457,Finance,Development,1,5,4,0
458,HR,Campaign,2,2,16,0
459,Tech,Support,2,9,10,1
460,Tech,Hiring,1,30,19,0
461,Finance,Hiring,5,11,17,1
462,Marketing,Payment,2,24,9,0
463,Finance,Payment,3,6,13,1
464,Marketing,Hiring,4,29,1,1
465,HR,Hiring,1,26,2,1
466,Tech,Support,1,7,13,0
467,HR,Development,4,25,9,1
468,Marketing,Payment,5,7,7,1
469,Marketing,Development,4,19,16,0
470,HR,Support,2,6,19,1
471,Marketing,Hiring,4,11,7,1
472,HR,Development,1,29,6,1
473,Tech,Hiring,4,11,18,0
474,HR,Hiring,3,7,19,0
475,Tech,Campaign,2,2,11,0
476,HR,Development,4,19,12,0
477,Marketing,Development,1,4,10,1
478,HR,Hiring,2,26,13,0
479,Marketing,Support,1,6,12,0
480,HR,Campaign,5,17,10,0
481,HR,Hiring,3,25,20,1
482,Finance,Payment,5,5,18,1
483,Marketing,Payment,3,29,4,1
484,Finance,Campaign,4,28,5,0
485,Marketing,Support,2,30,5,1
486,Finance,Hiring,4,7,12,1
487,Tech,Development,3,9,3,0
488,HR,Campaign,3,25,8,1
489,Marketing,Support,3,1,2,0
490,Marketing,Development,1,1,18,0
491,HR,Payment,2,19,9,1
492,Marketing,Payment,4,6,13,0
493,Marketing,Development,4,18,7,0
494,Finance,Campaign,5,10,10,0
495,Marketing,Payment,3,28,9,0
496,Tech,Hiring,3,11,15,0
497,Tech,Development,3,1,5,0
498,HR,Development,4,1,12,1
499,Marketing,Payment,5,13,1,0
500,HR,Campaign,1,5,12,0
501,Tech,Hiring,2,20,6,0
502,Marketing,Campaign,1,1,19,0
503,Marketing,Support,4,20,19,1
504,HR,Support,3,3,16,1
505,Tech,Payment,2,18,19,0
506,Marketing,Payment,4,9,3,1
507,HR,Payment,4,14,10,0
508,Tech,Support,4,27,18,0
509,HR,Campaign,2,17,13,0
510,Finance,Campaign,2,23,18,0
511,Marketing,Payment,5,14,3,1
512,Finance,Hiring,5,29,3,1
513,Tech,Campaign,1,4,12,0
514,Finance,Support,2,5,20,0
515,Finance,Development,2,26,7,1
516,Tech,Development,2,21,8,1
517,HR,Development,5,17,9,0
518,Finance,Hiring,4,22,14,1
519,HR,Payment,3,29,5,0
520,Finance,Support,5,25,19,1
521,HR,Hiring,2,2,16,1
522,Tech,Support,5,23,12,1
523,Finance,Support,1,22,4,1
524,Tech,Payment,2,5,8,0
525,Finance,Development,1,4,7,0
526,Tech,Payment,2,4,15,1
527,Tech,Hiring,5,6,6,0
528,Finance,Hiring,4,20,5,1
529,Finance,Hiring,3,21,14,1
530,Finance,Payment,1,13,13,0
531,Marketing,Support,5,22,10,0
532,HR,Support,4,5,18,0
533,Marketing,Campaign,5,23,4,1
534,Marketing,Hiring,1,25,8,0
535,Tech,Support,3,26,11,0
536,Finance,Campaign,5,23,17,0
537,HR,Support,2,7,18,0
538,Tech,Hiring,4,20,11,1
539,Marketing,Development,5,1,16,1
540,Finance,Hiring,4,14,12,1
541,Tech,Payment,2,24,13,1
542,Finance,Support,3,4,16,1
543,Tech,Support,3,17,1,1
544,Finance,Payment,2,21,16,1
545,Marketing,Payment,4,14,15,0
546,HR,Development,5,16,6,1
547,Marketing,Support,2,14,12,1
548,HR,Support,1,16,8,1
549,Finance,Development,4,24,7,1
550,Tech,Campaign,3,20,2,0
551,Marketing,Development,2,29,12,1
552,HR,Hiring,3,28,14,1
553,Marketing,Support,4,8,16,0
554,HR,Payment,3,24,11,1
555,Marketing,Hiring,2,3,20,1
556,HR,Support,4,25,9,1
557,HR,Development,1,19,10,1
558,Finance,Hiring,2,1,17,1
559,HR,Support,5,2,12,1
560,Finance,Campaign,2,15,6,1
561,HR,Campaign,4,22,19,0
562,Tech,Payment,2,28,11,0
563,Tech,Support,1,10,9,1
564,Tech,Campaign,1,18,6,0
565,HR,Development,5,22,16,1
566,Finance,Support,3,14,20,0
567,Finance,Development,4,17,16,1
568,HR,Development,4,27,6,0
569,Tech,Campaign,3,13,5,1
570,Tech,Support,1,1,4,0
571,Finance,Hiring,1,5,2,0
572,Tech,Campaign,2,26,6,1
573,Marketing,Campaign,5,13,9,1
574,Finance,Support,5,27,17,0
575,Tech,Support,5,25,14,0
576,Finance,Development,2,14,7,1
577,Marketing,Support,5,24,19,0
578,Finance,Development,3,3,1,1
579,Finance,Campaign,2,15,20,0
580,Finance,Payment,3,19,15,0
581,Finance,Hiring,2,17,18,1
582,Marketing,Campaign,5,30,3,1
583,HR,Support,3,3,18,1
584,Finance,Hiring,3,16,2,0
585,Finance,Payment,3,14,10,0
586,Tech,Payment,2,12,11,0
587,Finance,Development,4,28,3,1
588,Tech,Hiring,5,12,7,0
589,HR,Development,3,29,8,0
590,Marketing,Campaign,4,11,19,1
591,Marketing,Hiring,5,17,18,0
592,HR,Campaign,5,8,13,0
593,Marketing,Development,3,17,13,1
594,HR,Hiring,3,21,19,1
595,HR,Development,2,25,12,1
596,HR,Hiring,4,23,17,1
597,Marketing,Development,4,20,12,1
598,Tech,Payment,3,11,13,1
599,HR,Development,5,25,12,1
600,Finance,Payment,3,25,19,1
601,Marketing,Development,5,2,14,1
602,HR,Hiring,5,10,7,0
603,HR,Hiring,3,10,13,1
604,Finance,Hiring,1,11,6,1
605,Tech,Support,4,28,19,0
606,Tech,Campaign,5,6,19,1
607,Tech,Hiring,5,4,4,0
608,HR,Payment,1,24,19,0
609,HR,Hiring,2,12,9,1
610,HR,Support,1,11,16,0
611,Marketing,Payment,1,23,4,1
612,Finance,Support,5,23,6,1
613,HR,Payment,4,27,8,0
614,Finance,Development,1,26,16,0
615,Finance,Campaign,2,25,5,0
616,Tech,Campaign,3,13,10,1
617,Marketing,Support,1,5,13,1
618,HR,Campaign,1,6,14,0
619,Tech,Support,2,1,7,1
620,Tech,Support,4,6,20,1
621,HR,Support,1,18,6,0
622,Finance,Campaign,1,22,7,0
623,Tech,Support,4,9,5,0
624,Finance,Campaign,2,24,18,0
625,Marketing,Support,1,25,12,0
626,Finance,Hiring,4,29,6,0
627,Marketing,Support,1,15,1,0
628,Finance,Payment,3,26,4,0
629,Tech,Support,5,8,19,0
630,Tech,Development,3,19,12,0
631,Marketing,Support,1,24,15,1
632,HR,Payment,2,16,3,1
633,Marketing,Payment,5,6,20,0
634,Marketing,Campaign,3,29,8,1
635,Finance,Hiring,4,6,11,1
636,Finance,Support,2,22,16,1
637,Marketing,Campaign,3,3,9,1
638,Tech,Hiring,4,10,3,1
639,Finance,Support,1,1,5,1
640,HR,Development,4,28,20,0
641,Finance,Support,3,14,14,0
642,Finance,Payment,3,4,15,1
643,HR,Payment,1,26,6,1
644,Marketing,Development,4,12,4,0
645,HR,Campaign,4,6,8,1
646,Marketing,Hiring,1,11,19,1
647,Marketing,Support,4,12,5,1
648,Marketing,Payment,1,10,13,1
649,HR,Campaign,2,18,16,1
650,Marketing,Development,3,7,1,0
651,Tech,Payment,2,7,13,0
652,HR,Development,5,11,11,1
653,Tech,Support,5,4,8,0
654,Marketing,Hiring,5,20,8,1
655,Finance,Payment,1,1,14,1
656,Marketing,Payment,4,13,13,1
657,Tech,Support,2,18,3,1
658,Tech,Campaign,2,9,4,1
659,HR,Hiring,2,26,20,1
660,Finance,Payment,2,24,15,1
661,HR,Hiring,5,24,15,1
662,Tech,Payment,2,9,13,1
663,Marketing,Hiring,4,23,9,0
664,Finance,Development,5,29,10,1
665,Marketing,Payment,2,9,12,0
666,Marketing,Hiring,1,10,14,0
667,Finance,Campaign,3,28,1,1
668,HR,Development,3,2,14,0
669,Marketing,Development,3,6,14,1
670,Tech,Campaign,5,15,8,1
671,Marketing,Hiring,2,3,16,1
672,Finance,Support,5,11,14,1
673,Finance,Campaign,4,6,1,0
674,Finance,Hiring,1,3,16,0
675,HR,Campaign,1,24,18,1
676,Marketing,Campaign,3,11,7,0
677,HR,Payment,3,15,15,0
678,HR,Hiring,3,13,17,0
679,Finance,Support,2,20,19,1
680,Finance,Payment,4,28,13,0
681,HR,Campaign,4,10,9,0
682,Marketing,Campaign,4,6,15,0
683,Tech,Campaign,4,15,3,1
684,HR,Hiring,3,25,1,0
685,Marketing,Hiring,1,18,16,0
686,Finance,Payment,3,18,8,1
687,Finance,Support,4,7,13,0
688,Marketing,Payment,3,15,8,1
689,Tech,Development,4,18,17,1
690,Finance,Campaign,5,18,14,1
691,Finance,Campaign,1,20,7,1
692,Finance,Campaign,5,9,15,1
693,Marketing,Payment,2,24,16,1
694,HR,Payment,3,2,19,0
695,Finance,Campaign,2,8,6,1
696,HR,Payment,3,20,1,0
697,Tech,Hiring,5,2,12,0
698,Finance,Hiring,4,11,18,1
699,Finance,Payment,4,26,16,0
700,Tech,Campaign,3,7,12,0
701,Finance,Payment,4,6,20,0
702,HR,Payment,5,30,13,1
703,Marketing,Payment,4,10,8,0
704,HR,Development,5,5,1,0
705,Marketing,Hiring,2,11,7,1
706,Marketing,Support,5,1,15,0
707,HR,Support,1,2,13,0
708,HR,Development,1,24,13,0
709,HR,Payment,1,1,9,1
710,HR,Development,3,19,15,0
711,Tech,Development,3,2,4,0
712,Finance,Campaign,3,21,13,1
713,Marketing,Hiring,5,20,12,1
714,HR,Support,3,29,5,1
715,HR,Payment,2,23,7,0
716,HR,Support,1,21,8,1
717,Tech,Support,5,24,5,1
718,HR,Hiring,1,4,9,1
719,HR,Support,3,12,14,0
720,HR,Support,5,22,12,1
721,Finance,Development,4,20,4,1
722,Tech,Hiring,2,18,20,1
723,HR,Campaign,3,1,8,1
724,Marketing,Payment,3,30,17,1
725,Marketing,Support,2,30,8,0
726,Marketing,Payment,2,1,1,0
727,Tech,Campaign,4,24,20,1
728,Tech,Payment,3,14,2,1
729,Marketing,Campaign,3,4,4,1
730,HR,Development,1,5,1,0
731,Tech,Support,5,11,7,0
732,Marketing,Campaign,5,24,1,0
733,Marketing,Payment,1,28,9,0
734,HR,Support,5,23,3,1
735,Finance,Development,2,13,12,1
736,Tech,Support,5,16,19,1
737,HR,Campaign,5,24,15,1
738,Marketing,Development,1,13,16,0
739,Marketing,Payment,4,24,10,1
740,HR,Development,5,22,6,0
741,Tech,Development,5,26,17,0
742,Finance,Hiring,4,2,17,1
743,Finance,Development,1,16,19,0
744,Marketing,Development,4,6,18,0
745,Tech,Support,1,14,11,1
746,Finance,Payment,2,1,7,0
747,Tech,Support,1,17,10,0
748,Tech,Support,2,11,7,1
749,Marketing,Campaign,2,19,5,0
750,Finance,Support,1,3,12,0
751,HR,Hiring,3,11,16,1
752,Marketing,Hiring,1,29,18,0
753,Finance,Campaign,5,5,3,1
754,Finance,Payment,5,17,20,0
755,Finance,Payment,3,26,15,0
756,Finance,Support,2,22,5,1
757,Finance,Support,3,7,13,1
758,Tech,Support,5,10,19,0
759,Marketing,Payment,3,28,12,1
760,Tech,Development,1,29,5,0
761,HR,Hiring,3,11,6,1
762,Finance,Development,2,3,7,0
763,Marketing,Development,1,20,10,0
764,Finance,Payment,4,10,16,0
765,Marketing,Development,5,27,8,0
766,Tech,Campaign,5,10,9,0
767,Marketing,Support,3,14,4,1
768,HR,Campaign,1,12,8,1
769,HR,Hiring,4,15,7,0
770,Marketing,Support,1,10,15,0
771,Marketing,Development,5,30,3,1
772,Marketing,Hiring,1,10,17,1
773,Marketing,Support,4,26,11,1
774,HR,Development,3,19,9,1
775,Finance,Campaign,2,1,5,1
776,Marketing,Support,1,24,10,0
777,Marketing,Development,2,29,15,0
778,HR,Campaign,5,26,14,1
779,HR,Hiring,3,10,4,1
780,Tech,Hiring,3,2,20,1
781,Marketing,Hiring,1,17,2,1
782,Tech,Hiring,3,30,12,1
783,HR,Payment,1,24,1,1
784,HR,Support,1,7,20,1
785,Finance,Support,2,7,5,1
786,Marketing,Payment,3,20,6,1
787,Tech,Development,1,27,11,0
788,HR,Development,2,9,8,1
789,HR,Hiring,4,22,7,1
790,Tech,Campaign,2,2,4,0
791,Finance,Development,2,14,6,0
792,HR,Campaign,1,17,16,0
793,Marketing,Support,5,1,20,1
794,HR,Campaign,5,9,15,1
795,Marketing,Support,5,20,14,1
796,Tech,Payment,2,21,12,1
797,Marketing,Payment,1,19,12,0
798,Tech,Hiring,3,4,16,1
799,Marketing,Development,2,28,15,1
800,Tech,Hiring,2,8,13,0
801,Marketing,Support,1,13,11,1
802,Finance,Hiring,4,4,17,1
803,Marketing,Campaign,2,9,15,1
804,Marketing,Support,4,9,14,1
805,Finance,Payment,4,22,10,0
806,HR,Development,5,18,12,0
807,HR,Support,1,12,16,0
808,Marketing,Support,4,10,15,0
809,Finance,Campaign,1,11,10,1
810,Marketing,Development,5,7,4,1
811,Tech,Payment,1,9,9,1
812,Tech,Support,2,6,20,0
813,Marketing,Support,4,19,9,0
814,HR,Campaign,1,16,20,0
815,HR,Hiring,3,30,11,1
816,Marketing,Payment,1,15,11,1
817,Marketing,Development,4,7,7,0
818,Tech,Support,5,16,10,0
819,HR,Support,5,5,4,1
820,Marketing,Payment,4,16,5,1
821,Tech,Hiring,2,1,5,1
822,HR,Support,2,19,11,0
823,Finance,Payment,5,5,9,0
824,Tech,Campaign,5,7,16,0
825,HR,Hiring,4,19,9,0
826,HR,Development,2,22,4,1
827,Tech,Support,5,5,2,1
828,Finance,Payment,2,29,14,1
829,Tech,Campaign,5,17,3,0
830,HR,Development,1,26,18,1
831,Marketing,Payment,3,22,6,1
832,Marketing,Payment,1,30,11,1
833,Tech,Development,5,8,18,1
834,HR,Campaign,3,29,12,1
835,Marketing,Campaign,3,29,5,0
836,HR,Hiring,5,1,9,1
837,Tech,Support,5,2,20,1
838,Marketing,Development,2,30,18,0
839,HR,Development,5,15,19,0
840,Marketing,Development,4,20,3,1
841,Tech,Campaign,5,28,9,1
842,HR,Support,4,18,4,1
843,Marketing,Hiring,5,11,17,1
844,Tech,Payment,2,25,17,0
845,Marketing,Payment,4,10,2,1
846,Marketing,Development,1,24,9,0
847,Finance,Support,4,24,9,1
848,Finance,Campaign,2,4,5,1
849,Tech,Support,4,5,15,1
850,Finance,Support,5,4,15,0
851,Tech,Campaign,5,13,3,1
852,Finance,Development,2,25,19,1
853,Marketing,Support,3,13,3,0
854,Tech,Payment,5,18,6,1
855,Tech,Campaign,1,29,4,0
856,Marketing,Hiring,2,27,13,1
857,Tech,Development,4,24,13,0
858,Tech,Campaign,4,2,11,0
859,Finance,Hiring,1,16,5,0
860,Tech,Hiring,5,1,1,1
861,HR,Support,2,26,9,0
862,Marketing,Support,1,19,17,0
863,Finance,Support,5,9,1,1
864,Finance,Campaign,2,28,3,0
865,HR,Campaign,4,3,15,1
866,Marketing,Development,2,25,10,1
867,Marketing,Support,3,7,8,0
868,Finance,Hiring,2,29,12,0
869,Tech,Payment,3,10,15,1
870,Finance,Development,2,1,9,0
871,Marketing,Campaign,3,10,10,0
872,HR,Development,4,21,20,0
873,Finance,Development,5,9,9,0
874,Marketing,Development,3,28,15,1
875,Finance,Development,3,15,1,1
876,Tech,Payment,4,15,2,0
877,Finance,Support,3,3,19,1
878,Finance,Hiring,1,25,14,0
879,Marketing,Development,4,5,8,0
880,Marketing,Development,1,9,6,0
881,Marketing,Development,4,26,12,0
882,Finance,Support,3,22,15,1
883,Tech,Campaign,1,9,14,0
884,HR,Campaign,3,23,1,1
885,HR,Payment,4,7,11,0
886,Marketing,Campaign,3,24,3,1
887,Marketing,Development,1,23,19,1
888,Finance,Development,1,12,18,1
889,HR,Development,3,25,20,1
890,Marketing,Payment,2,27,2,0
891,Tech,Development,4,9,7,1
892,Tech,Campaign,4,6,8,0
893,Marketing,Support,3,23,19,1
894,Marketing,Support,2,2,15,1
895,HR,Hiring,1,9,10,1
896,HR,Campaign,5,28,1,0
897,Finance,Development,5,29,6,1
898,HR,Support,3,17,13,0
899,Tech,Campaign,2,1,14,0
900,Tech,Support,2,19,3,0
901,Marketing,Development,4,28,11,1
902,HR,Support,1,6,3,1
903,Finance,Hiring,2,5,19,1
904,Tech,Hiring,5,2,10,1
905,Tech,Support,1,9,15,1
906,Finance,Campaign,1,30,11,1
907,Finance,Campaign,3,29,15,1
908,Tech,Campaign,2,26,13,0
909,Tech,Support,3,14,5,1
910,Finance,Campaign,2,4,4,0
911,Tech,Development,4,4,13,0
912,Marketing,Hiring,3,21,9,1
913,Marketing,Development,3,15,17,1
914,Finance,Campaign,5,8,2,0
915,HR,Development,3,26,5,0
916,Finance,Campaign,2,4,16,1
917,Finance,Support,5,16,7,0
918,HR,Development,3,21,1,0
919,HR,Support,3,28,12,0
920,HR,Support,4,4,11,0
921,Marketing,Payment,3,30,12,1
922,Tech,Campaign,1,16,19,1
923,Marketing,Hiring,5,22,12,0
924,Tech,Campaign,1,12,12,0
925,Marketing,Hiring,5,16,14,0
926,Tech,Campaign,4,19,2,1
927,Marketing,Support,3,8,2,1
928,HR,Development,3,6,4,0
929,Finance,Development,3,10,20,0
930,Marketing,Payment,5,5,16,0
931,Tech,Hiring,3,29,10,1
932,HR,Hiring,1,18,13,0
933,Marketing,Hiring,3,10,2,0
934,Marketing,Support,4,10,3,0
935,HR,Hiring,1,7,19,0
936,Marketing,Development,3,18,6,0
937,Finance,Support,3,1,19,1
938,Marketing,Campaign,2,7,20,1
939,Finance,Hiring,5,21,19,1
940,Finance,Hiring,1,1,8,0
941,HR,Campaign,2,15,14,1
942,Marketing,Hiring,4,4,10,0
943,HR,Campaign,5,28,3,1
944,Marketing,Support,1,29,6,1
945,Marketing,Development,3,20,15,0
946,Tech,Campaign,1,10,18,0
947,Marketing,Payment,3,23,14,0
948,HR,Campaign,5,9,19,1
949,Finance,Hiring,3,2,10,0
950,Marketing,Support,4,28,15,1
951,Tech,Support,3,14,4,1
952,HR,Campaign,4,16,2,1
953,Marketing,Development,5,1,3,0
954,HR,Payment,5,2,7,0
955,Tech,Support,1,7,16,0
956,Tech,Hiring,4,29,10,1
957,HR,Hiring,4,10,19,1
958,Marketing,Development,2,22,17,0
959,Finance,Support,2,20,19,1
960,Tech,Campaign,2,1,5,1
961,Marketing,Hiring,3,13,20,1
962,Marketing,Development,2,1,13,0
963,Finance,Support,4,5,13,1
964,Tech,Support,3,16,11,1
965,Tech,Support,5,15,11,0
966,Marketing,Support,1,17,16,0
967,Marketing,Support,2,28,15,0
968,Finance,Hiring,5,23,17,0
969,Finance,Development,4,16,18,0
970,Tech,Support,1,13,19,0
971,HR,Payment,5,11,4,1
972,Tech,Payment,1,17,5,1
973,Marketing,Development,2,17,7,1
974,Tech,Campaign,4,2,2,1
975,HR,Campaign,1,13,1,0
976,Finance,Campaign,5,14,12,1
977,HR,Payment,2,11,10,0
978,HR,Campaign,2,28,8,0
979,HR,Hiring,5,10,1,1
980,Finance,Support,5,3,12,1
981,HR,Payment,1,29,2,0
982,HR,Development,3,27,10,0
983,HR,Development,2,17,17,0
984,Marketing,Support,1,15,3,0
985,HR,Payment,5,9,7,1
986,Finance,Campaign,1,10,12,0
987,HR,Campaign,5,8,8,1
988,HR,Hiring,4,21,20,0
989,Finance,Hiring,5,13,12,0
990,HR,Campaign,5,27,3,0
991,Finance,Development,5,18,17,1
992,HR,Development,3,5,9,0
993,Finance,Hiring,5,6,10,1
994,HR,Support,2,30,6,1
995,HR,Campaign,2,17,1,1
996,Marketing,Hiring,1,11,12,0
997,Marketing,Hiring,3,20,5,1
998,HR,Campaign,1,16,13,1
999,HR,Campaign,2,9,15,0
1000,Tech,Development,2,2,11,0
1001,Finance,Support,4,5,8,1
1002,Tech,Support,5,1,5,1
1003,Marketing,Campaign,2,4,2,0
1004,Marketing,Payment,1,4,12,1
1005,Marketing,Hiring,1,22,2,1
1006,Marketing,Hiring,5,26,16,1
1007,HR,Campaign,5,25,3,0
1008,Marketing,Payment,4,3,10,1
1009,HR,Development,3,9,19,0
1010,HR,Campaign,1,22,8,0
1011,Marketing,Campaign,5,23,7,0
1012,Marketing,Hiring,1,12,1,1
1013,Finance,Campaign,5,10,12,0
1014,Tech,Campaign,2,2,5,1
1015,Marketing,Campaign,1,11,16,0
1016,Finance,Hiring,2,10,4,1
1017,Finance,Development,1,30,17,1
1018,Tech,Development,3,22,2,1
1019,HR,Campaign,4,6,12,0
1020,Marketing,Hiring,2,18,1,1
1021,Tech,Development,5,2,12,1
1022,Marketing,Development,3,30,12,0
1023,Finance,Development,1,2,12,0
1024,Finance,Hiring,2,10,19,1
1025,HR,Hiring,1,16,17,0
1026,Finance,Campaign,1,12,20,0
1027,Finance,Support,1,1,11,0
1028,Tech,Development,4,21,13,1
1029,Marketing,Support,4,8,8,0
1030,Marketing,Hiring,5,16,10,1
1031,Tech,Hiring,2,18,8,0
1032,HR,Hiring,3,13,20,0
1033,Marketing,Support,3,15,8,1
1034,Finance,Hiring,3,21,9,0
1035,Marketing,Campaign,1,12,7,0
1036,Finance,Hiring,4,8,14,0
1037,HR,Payment,2,10,2,0
1038,Tech,Support,1,14,11,1
1039,Marketing,Payment,4,5,8,1
1040,Tech,Hiring,4,18,13,1
1041,Marketing,Campaign,2,19,15,1
1042,Finance,Development,2,15,3,1
1043,Tech,Hiring,2,6,14,1
1044,Marketing,Campaign,1,27,15,1
1045,Finance,Support,5,11,2,0
1046,Tech,Payment,2,21,19,1
1047,Tech,Payment,5,11,12,1
1048,Marketing,Payment,1,20,20,1
1049,Marketing,Support,5,20,4,0
1050,Marketing,Campaign,3,21,3,1
1051,Finance,Support,5,18,5,1
1052,Marketing,Payment,2,25,3,1
1053,Tech,Hiring,1,18,15,0
1054,Tech,Development,2,10,19,1
1055,Marketing,Support,3,2,2,0
1056,Marketing,Support,2,26,12,0
1057,HR,Campaign,2,30,5,0
1058,Tech,Campaign,2,9,17,0
1059,Finance,Support,4,14,14,1
1060,HR,Payment,3,19,10,0
1061,Marketing,Development,2,10,3,0
1062,Marketing,Campaign,2,23,4,1
1063,Tech,Payment,2,4,6,0
1064,Marketing,Hiring,1,29,16,0
1065,Finance,Campaign,4,29,7,0
1066,Tech,Payment,1,6,15,0
1067,Marketing,Payment,4,14,20,0
1068,Tech,Development,2,4,11,0
1069,Marketing,Development,3,26,1,1
1070,Marketing,Hiring,5,15,5,1
1071,Marketing,Payment,5,16,13,1
1072,Finance,Payment,2,7,14,1
1073,Finance,Development,1,17,9,0
1074,Tech,Campaign,3,19,17,0
1075,Marketing,Campaign,4,29,15,0
1076,Marketing,Support,2,19,7,1
1077,Finance,Development,3,17,12,1
1078,Marketing,Support,3,6,6,0
1079,Finance,Development,4,29,16,0
1080,Marketing,Hiring,3,11,5,1
1081,Tech,Payment,1,16,9,1
1082,Marketing,Hiring,1,30,14,1
1083,Marketing,Development,1,25,8,1
1084,HR,Payment,3,8,14,0
1085,Finance,Campaign,1,11,12,1
1086,Marketing,Campaign,4,7,10,1
1087,Marketing,Support,3,26,20,0
1088,HR,Development,5,24,20,0
1089,HR,Development,3,22,13,0
1090,Finance,Campaign,4,25,19,1
1091,HR,Hiring,5,19,15,1
1092,Tech,Payment,3,26,8,1
1093,HR,Hiring,1,10,10,1
1094,Tech,Hiring,2,9,3,0
1095,Finance,Campaign,2,4,3,0
1096,Finance,Campaign,1,23,5,1
1097,Finance,Campaign,2,15,16,1
1098,Finance,Support,2,13,17,1
1099,Finance,Hiring,1,25,6,0
1100,Tech,Development,1,2,20,1
1101,Tech,Payment,3,2,20,0
1102,Finance,Support,3,16,16,1
1103,HR,Development,1,9,2,0
1104,Marketing,Hiring,4,28,20,0
1105,Finance,Campaign,2,13,15,1
1106,HR,Hiring,3,3,18,0
1107,Marketing,Payment,2,9,1,0
1108,Finance,Support,5,13,19,1
1109,Finance,Support,1,21,12,0
1110,Tech,Payment,4,22,8,1
1111,Marketing,Development,5,2,6,0
1112,Marketing,Development,5,8,12,0
1113,HR,Support,5,27,7,0
1114,Tech,Support,1,9,18,0
1115,Tech,Campaign,3,16,14,1
1116,Tech,Development,1,2,8,1
1117,Tech,Payment,3,6,20,1
1118,Marketing,Development,5,22,14,0
1119,Marketing,Campaign,5,8,5,0
1120,Finance,Support,4,26,9,1
1121,Finance,Support,3,28,8,1
1122,Tech,Campaign,5,5,2,1
1123,Tech,Payment,2,9,16,1
1124,Tech,Support,4,1,13,0
1125,Finance,Hiring,1,9,7,1
1126,HR,Support,4,10,16,0
1127,HR,Hiring,2,23,7,1
1128,Finance,Campaign,3,4,14,0
1129,Finance,Campaign,1,3,14,1
1130,Finance,Support,1,30,12,1
1131,Finance,Development,3,10,1,0
1132,Finance,Hiring,4,15,1,0
1133,Finance,Payment,5,11,12,1
1134,Tech,Support,4,14,20,0
1135,Tech,Payment,2,6,15,1
1136,Tech,Support,5,12,4,0
1137,Tech,Development,4,13,7,1
1138,Finance,Development,3,17,16,1
1139,HR,Development,2,16,3,1
1140,Marketing,Development,2,3,7,1
1141,Finance,Campaign,2,2,6,1
1142,Marketing,Campaign,5,11,16,1
1143,HR,Hiring,1,29,8,1
1144,Tech,Payment,5,9,6,1
1145,HR,Support,4,3,10,0
1146,Finance,Support,1,29,16,0
1147,Tech,Campaign,4,18,11,0
1148,Finance,Support,1,20,13,1
1149,Tech,Campaign,5,15,6,1
1150,Marketing,Hiring,2,14,1,1
1151,Marketing,Payment,3,2,19,0
1152,Marketing,Hiring,2,17,12,0
1153,HR,Development,5,22,6,0
1154,Finance,Development,1,26,18,0
1155,HR,Development,2,8,13,0
1156,Marketing,Hiring,5,10,7,1
1157,Finance,Support,4,26,13,0
1158,Marketing,Payment,3,18,8,1
1159,HR,Development,2,30,17,1
1160,HR,Development,1,25,9,1
1161,HR,Development,4,29,20,0
1162,Marketing,Payment,5,19,13,0
1163,Finance,Development,3,8,2,1
1164,Finance,Payment,1,28,4,0
1165,Marketing,Development,5,8,2,0
1166,Finance,Hiring,5,3,4,1
1167,Marketing,Hiring,2,3,18,1
1168,Finance,Payment,2,12,5,1
1169,Tech,Hiring,1,22,19,1
1170,Tech,Payment,5,17,10,1
1171,HR,Hiring,2,4,18,0
1172,Tech,Hiring,3,17,10,1
1173,Tech,Payment,3,14,5,0
1174,Tech,Support,5,19,17,0
1175,Marketing,Hiring,2,9,13,1
1176,Tech,Development,1,30,17,1
1177,Tech,Support,1,30,9,0
1178,HR,Payment,1,21,12,1
1179,Tech,Support,3,12,14,0
1180,Tech,Campaign,2,5,14,1
1181,Finance,Campaign,2,11,8,1
1182,HR,Hiring,3,20,5,0
1183,HR,Hiring,1,3,19,0
1184,HR,Development,1,21,14,1
1185,HR,Support,5,15,9,1
1186,HR,Campaign,4,14,7,1
1187,HR,Hiring,2,11,8,0
1188,Marketing,Support,2,20,14,1
1189,Tech,Hiring,2,8,14,1
1190,HR,Hiring,4,4,11,1
1191,Tech,Campaign,5,27,14,1
1192,Tech,Campaign,4,12,8,0
1193,Marketing,Hiring,1,8,3,0
1194,HR,Payment,1,6,18,0
1195,Finance,Hiring,2,15,3,1
1196,Marketing,Hiring,3,30,13,1
1197,Finance,Development,2,12,12,1
1198,Tech,Development,3,16,15,0
1199,Tech,Development,4,16,18,0
1200,Marketing,Payment,1,27,5,0
1201,Marketing,Payment,3,21,7,0
1202,Finance,Hiring,4,20,11,1
1203,HR,Development,1,20,11,0
1204,Finance,Payment,3,28,15,0
1205,Marketing,Campaign,2,4,10,1
1206,Finance,Hiring,2,11,15,0
1207,Marketing,Support,2,13,13,1
1208,Finance,Hiring,4,29,14,1
1209,Marketing,Support,2,9,17,1
1210,Marketing,Development,5,4,13,1
1211,Marketing,Support,1,12,10,1
1212,HR,Development,4,9,1,0
1213,Finance,Campaign,2,13,1,0
1214,Finance,Support,1,16,15,1
1215,Finance,Hiring,3,26,16,0
1216,Marketing,Development,2,6,12,1
1217,Finance,Hiring,1,10,6,0
1218,Finance,Payment,5,13,6,0
1219,Marketing,Development,3,7,12,0
1220,Tech,Support,5,28,15,0
1221,Marketing,Development,1,26,4,0
1222,Finance,Hiring,5,19,4,0
1223,Marketing,Campaign,1,24,2,0
1224,Tech,Development,1,19,12,1
1225,Marketing,Support,5,17,7,1
1226,Finance,Payment,1,13,20,1
1227,Tech,Campaign,2,13,9,0
1228,HR,Payment,1,26,9,0
1229,Finance,Development,4,28,8,1
1230,Tech,Hiring,1,21,14,1
1231,Tech,Hiring,4,2,1,0
1232,HR,Support,1,10,12,1
1233,Marketing,Hiring,1,30,2,1
1234,Marketing,Campaign,5,22,13,1
1235,Finance,Hiring,2,13,4,1
1236,HR,Support,2,26,20,0
1237,Marketing,Development,3,9,18,1
1238,HR,Development,5,1,19,1
1239,Marketing,Hiring,5,14,16,1
1240,Tech,Payment,2,29,14,1
1241,Marketing,Development,5,16,8,0
1242,HR,Hiring,2,20,12,1
1243,Tech,Support,5,15,9,1
1244,Tech,Hiring,1,1,6,1
1245,Tech,Development,2,17,18,1
1246,HR,Support,2,24,2,1
1247,Finance,Hiring,4,30,8,0
1248,Finance,Campaign,5,30,14,1
1249,Finance,Support,5,13,6,1
1250,HR,Campaign,2,30,10,0
1251,Tech,Payment,1,27,8,1
1252,Finance,Support,1,15,17,0
1253,HR,Campaign,1,16,12,1
1254,Finance,Development,5,16,17,0
1255,Marketing,Development,4,2,13,0
1256,Finance,Payment,2,17,19,1
1257,Finance,Support,3,11,12,0
1258,Tech,Support,4,8,16,1
1259,HR,Support,3,20,5,0
1260,Tech,Payment,4,3,16,0
1261,Tech,Support,1,29,6,1
1262,Tech,Development,5,12,11,0
1263,Tech,Campaign,3,20,17,1
1264,Tech,Development,4,16,14,0
1265,Finance,Development,5,14,6,0
1266,Tech,Campaign,3,16,11,1
1267,Tech,Development,2,27,12,1
1268,HR,Payment,4,21,13,0
1269,Marketing,Campaign,2,17,4,1
1270,Finance,Development,1,30,7,1
1271,Finance,Hiring,2,11,2,0
1272,Finance,Development,2,17,6,0
1273,Tech,Payment,4,19,6,1
1274,Tech,Support,1,22,18,0
1275,Tech,Development,2,1,20,1
1276,HR,Support,5,30,8,1
1277,Marketing,Hiring,3,27,8,1
1278,Tech,Development,2,12,8,1
1279,Marketing,Campaign,1,15,8,1
1280,HR,Support,2,18,1,1
1281,Finance,Hiring,3,28,2,0
1282,Tech,Campaign,1,30,12,1
1283,Marketing,Campaign,4,23,15,0
1284,Marketing,Campaign,1,14,4,1
1285,Tech,Campaign,4,30,3,0
1286,Finance,Development,1,1,14,0
1287,Finance,Development,3,13,8,0
1288,Finance,Development,3,30,13,1
1289,HR,Hiring,1,15,19,0
1290,Marketing,Hiring,2,7,5,0
1291,Marketing,Hiring,3,15,13,1
1292,Marketing,Payment,4,20,20,0
1293,HR,Hiring,4,10,1,0
1294,Marketing,Development,5,14,16,1
1295,HR,Development,4,6,2,0
1296,Finance,Payment,5,14,7,0
1297,Tech,Payment,1,24,6,1
1298,Marketing,Hiring,1,25,5,0
1299,Marketing,Support,1,22,4,0
1300,Finance,Payment,2,12,2,0
1301,Tech,Campaign,2,11,10,0
1302,HR,Development,5,29,5,1
1303,Tech,Campaign,4,30,18,1
1304,Finance,Development,4,25,10,1
1305,Finance,Development,1,20,15,1
1306,Tech,Payment,3,22,9,0
1307,HR,Payment,2,24,11,1
1308,HR,Campaign,2,25,17,1
1309,Marketing,Development,1,19,9,0
1310,HR,Campaign,2,2,16,0
1311,Tech,Support,1,22,6,0
1312,Finance,Campaign,5,20,11,1
1313,Marketing,Hiring,4,1,17,0
1314,Marketing,Campaign,3,8,4,0
1315,Finance,Hiring,4,25,15,0
1316,HR,Hiring,4,14,1,1
1317,Finance,Hiring,5,9,20,1
1318,HR,Support,2,2,1,1
1319,Finance,Campaign,3,25,9,1
1320,Tech,Campaign,2,23,12,1
1321,HR,Support,4,5,4,1
1322,Tech,Development,1,23,13,1
1323,Marketing,Payment,4,29,7,0
1324,Finance,Campaign,2,25,8,0
1325,Marketing,Payment,4,8,13,0
1326,Marketing,Support,1,16,11,1
1327,Marketing,Development,5,22,9,1
1328,Marketing,Development,2,16,16,0
1329,Finance,Development,4,13,10,0
1330,Marketing,Support,2,20,11,1
1331,Finance,Hiring,5,29,12,1
1332,Finance,Hiring,4,15,14,1
1333,Tech,Payment,4,1,19,1
1334,HR,Hiring,2,22,12,1
1335,HR,Hiring,2,3,18,1
1336,Finance,Development,1,6,17,1
1337,Tech,Development,5,22,3,1
1338,Finance,Payment,1,14,1,0
1339,Finance,Campaign,4,4,19,1
1340,Finance,Payment,2,18,4,1
1341,Tech,Payment,4,15,16,1
1342,HR,Support,4,9,12,0
1343,Tech,Support,3,18,13,0
1344,Marketing,Payment,3,3,17,1
1345,Tech,Payment,4,10,8,0
1346,Tech,Payment,2,17,13,0
1347,Tech,Hiring,4,7,20,0
1348,Tech,Support,3,15,5,1
1349,HR,Payment,2,1,18,1
1350,Marketing,Development,4,27,15,1
1351,HR,Development,5,25,12,1
1352,HR,Hiring,5,27,17,1
1353,Tech,Hiring,4,11,15,1
1354,Finance,Campaign,2,17,2,1
1355,Finance,Campaign,4,5,6,0
1356,HR,Campaign,4,7,17,1
1357,HR,Hiring,3,19,16,1
1358,Tech,Hiring,5,25,17,1
1359,HR,Hiring,3,24,20,1
1360,Tech,Development,3,29,9,1
1361,Finance,Hiring,4,15,5,1
1362,Finance,Development,3,3,1,1
1363,Marketing,Campaign,5,15,6,1
1364,Finance,Campaign,3,5,14,0
1365,HR,Campaign,5,23,17,0
1366,Finance,Payment,3,12,19,1
1367,Tech,Payment,5,30,1,1
1368,Finance,Support,3,20,1,0
1369,Marketing,Support,3,5,13,1
1370,Finance,Support,2,3,14,1
1371,Tech,Payment,5,9,6,0
1372,Tech,Payment,5,26,6,1
1373,HR,Support,5,9,1,1
1374,Finance,Support,1,7,14,1
1375,Tech,Hiring,3,26,3,0
1376,Marketing,Support,5,2,10,0
1377,HR,Hiring,1,23,19,1
1378,Marketing,Development,2,23,19,0
1379,Finance,Payment,5,27,19,0
1380,Finance,Support,5,21,4,0
1381,Finance,Payment,1,16,20,1
1382,HR,Payment,3,9,19,0
1383,Tech,Payment,2,13,10,0
1384,HR,Development,5,28,2,0
1385,Marketing,Campaign,3,27,4,1
1386,HR,Support,2,19,6,0
1387,Marketing,Campaign,4,20,7,0
1388,HR,Campaign,4,17,16,1
1389,Tech,Campaign,2,6,7,0
1390,Marketing,Payment,1,4,18,0
1391,Finance,Hiring,2,1,20,0
1392,Finance,Payment,2,18,19,1
1393,HR,Payment,1,19,9,1
1394,Finance,Campaign,1,9,20,0
1395,Marketing,Payment,3,13,10,0
1396,Finance,Campaign,3,8,13,0
1397,Tech,Hiring,1,23,18,0
1398,Tech,Support,4,13,16,0
1399,HR,Campaign,4,15,17,0
1400,Marketing,Hiring,2,11,13,1
1401,Tech,Support,5,12,12,0
1402,Tech,Development,2,14,10,0
1403,Marketing,Campaign,2,4,1,0
1404,Finance,Campaign,5,1,8,1
1405,Finance,Development,1,24,18,0
1406,HR,Development,4,4,2,1
1407,Finance,Campaign,2,19,16,0
1408,Marketing,Development,5,9,12,0
1409,Tech,Payment,3,10,9,0
1410,Finance,Support,2,4,3,0
1411,HR,Support,4,20,4,0
1412,Finance,Support,1,30,2,0
1413,Marketing,Payment,2,9,8,1
1414,HR,Development,2,13,10,0
1415,Finance,Hiring,5,12,16,0
1416,HR,Development,3,11,11,0
1417,Marketing,Campaign,3,12,18,1
1418,Tech,Support,1,30,14,0
1419,Marketing,Development,4,18,8,1
1420,Marketing,Hiring,1,30,15,0
1421,Marketing,Campaign,2,12,17,0
1422,Marketing,Payment,2,16,18,1
1423,Tech,Payment,3,5,6,1
1424,Tech,Hiring,4,20,14,0
1425,HR,Campaign,5,25,3,1
1426,Finance,Support,4,12,7,1
1427,Tech,Development,2,21,15,0
1428,Tech,Campaign,5,25,16,0
1429,Finance,Payment,4,11,16,0
1430,Tech,Hiring,4,9,8,1
1431,Marketing,Hiring,5,30,7,0
1432,Marketing,Development,2,18,6,0
1433,Finance,Hiring,4,30,2,1
1434,HR,Hiring,5,25,13,1
1435,HR,Campaign,2,3,12,0
1436,Finance,Support,5,20,15,1
1437,Finance,Development,5,17,9,1
1438,Marketing,Campaign,4,14,2,1
1439,HR,Support,2,1,17,0
1440,Tech,Campaign,4,17,5,0
1441,Marketing,Campaign,1,25,11,0
1442,Finance,Hiring,1,27,19,1
1443,HR,Support,2,8,7,0
1444,Tech,Development,5,5,2,0
1445,Tech,Development,4,5,16,1
1446,Marketing,Support,4,9,12,1
1447,HR,Hiring,2,3,15,0
1448,HR,Payment,2,19,1,1
1449,Finance,Campaign,1,23,13,0
1450,HR,Hiring,3,9,6,0
1451,HR,Support,2,22,13,0
1452,Marketing,Campaign,3,30,18,1
1453,HR,Development,2,18,3,1
1454,Tech,Payment,5,16,1,0
1455,Marketing,Development,5,1,15,0
1456,Marketing,Support,1,2,13,0
1457,Finance,Campaign,1,14,5,0
1458,HR,Support,3,14,13,1
1459,Finance,Campaign,2,1,5,0
1460,Tech,Hiring,4,26,19,0
1461,Marketing,Payment,1,26,18,1
1462,Marketing,Hiring,4,25,10,0
1463,Marketing,Hiring,4,16,8,0
1464,Tech,Support,2,15,15,0
1465,Tech,Payment,3,26,20,0
1466,Finance,Campaign,2,15,4,0
1467,Finance,Campaign,1,12,2,1
1468,Finance,Development,4,16,6,1
1469,HR,Campaign,2,14,3,1
1470,Marketing,Support,2,29,7,1
1471,Marketing,Hiring,2,24,10,0
1472,Finance,Hiring,1,15,6,1
1473,Marketing,Hiring,3,23,16,1
1474,Finance,Payment,2,15,2,1
1475,HR,Campaign,1,19,17,1
1476,HR,Support,4,8,13,1
1477,Tech,Payment,5,2,1,1
1478,HR,Development,1,2,6,1
1479,Finance,Support,5,27,5,1
1480,HR,Support,2,10,13,0
1481,Tech,Support,2,3,18,1
1482,Marketing,Hiring,1,23,12,0
1483,Finance,Support,5,17,7,1
1484,Marketing,Campaign,2,8,15,1
1485,Tech,Support,4,28,3,1
1486,Tech,Hiring,3,23,16,0
1487,Tech,Support,3,4,1,0
1488,Marketing,Development,2,14,16,1
1489,Marketing,Development,5,21,12,0
1490,Marketing,Hiring,2,10,19,1
1491,Marketing,Campaign,5,29,8,0
1492,Tech,Campaign,4,1,12,0
1493,Tech,Payment,5,4,15,0
1494,Finance,Hiring,2,1,2,1
1495,Finance,Support,4,17,17,0
1496,Marketing,Hiring,1,26,7,0
1497,HR,Payment,3,17,13,1
1498,HR,Hiring,2,7,1,0
1499,Tech,Hiring,2,23,6,1
1500,Tech,Payment,2,20,13,1
1501,Tech,Campaign,4,15,11,0
1502,Finance,Support,1,13,10,1
1503,Finance,Payment,5,28,16,0
1504,Tech,Development,1,2,20,0
1505,Tech,Campaign,4,28,17,1
1506,Tech,Development,2,19,17,0
1507,HR,Campaign,3,24,4,0
1508,Finance,Support,2,13,5,1
1509,HR,Support,5,24,14,1
1510,HR,Hiring,3,11,20,0
1511,Tech,Development,2,27,10,1
1512,Tech,Campaign,3,22,14,1
1513,Marketing,Support,1,15,1,1
1514,Marketing,Payment,4,10,11,1
1515,HR,Support,2,9,18,0
1516,Finance,Payment,5,27,16,0
1517,Tech,Campaign,1,28,18,1
1518,Tech,Support,2,9,8,0
1519,HR,Support,1,20,10,1
1520,Marketing,Campaign,5,28,10,1
1521,Finance,Support,2,1,5,0
1522,Marketing,Payment,5,17,10,0
1523,Marketing,Support,3,12,18,0
1524,Marketing,Development,5,10,6,0
1525,Marketing,Hiring,3,5,3,1
1526,Tech,Payment,2,30,8,1
1527,Tech,Development,3,29,9,0
1528,Marketing,Campaign,2,18,5,1
1529,Finance,Payment,2,15,2,0
1530,HR,Hiring,4,6,2,0
1531,Finance,Hiring,2,7,7,0
1532,Finance,Campaign,3,17,17,1
1533,Finance,Campaign,4,6,10,1
1534,Marketing,Payment,4,8,12,0
1535,Tech,Support,2,12,2,0
1536,Finance,Campaign,5,21,10,0
1537,Marketing,Support,5,14,20,0
1538,Finance,Development,4,12,1,1
1539,Finance,Hiring,2,23,4,1
1540,Marketing,Support,5,10,13,0
1541,Tech,Hiring,2,22,12,0
1542,Tech,Support,2,20,11,1
1543,HR,Development,4,15,10,0
1544,Marketing,Campaign,4,7,15,1
1545,HR,Development,1,26,5,1
1546,HR,Campaign,5,9,17,0
1547,HR,Campaign,5,10,5,1
1548,Tech,Hiring,5,10,2,1
1549,Marketing,Development,3,16,9,1
1550,HR,Support,2,29,6,1
1551,Marketing,Development,4,7,18,0
1552,Marketing,Hiring,5,28,14,1
1553,Tech,Campaign,1,30,19,1
1554,HR,Hiring,5,5,14,1
1555,HR,Payment,2,23,8,0
1556,Marketing,Payment,2,3,17,0
1557,Finance,Support,4,18,3,0
1558,Tech,Hiring,3,11,10,1
1559,Tech,Support,4,15,17,0
1560,Tech,Support,5,21,11,0
1561,Tech,Payment,1,20,8,0
1562,HR,Support,4,5,1,1
1563,HR,Payment,3,24,13,0
1564,Finance,Campaign,4,12,4,0
1565,Tech,Hiring,2,4,7,0
1566,Tech,Support,5,15,14,1
1567,Marketing,Payment,5,9,5,1
1568,HR,Development,5,7,11,0
1569,Tech,Support,5,10,17,0
1570,Finance,Campaign,5,29,5,0
1571,Finance,Campaign,5,28,20,1
1572,HR,Development,1,23,3,1
1573,Finance,Payment,3,13,5,0
1574,Finance,Support,5,29,15,1
1575,HR,Payment,3,8,19,0
1576,Tech,Campaign,5,12,16,1
1577,Tech,Payment,4,22,8,0
1578,Finance,Campaign,5,24,13,1
1579,Finance,Payment,2,19,16,0
1580,Tech,Development,1,26,3,1
1581,HR,Hiring,4,26,1,0
1582,Finance,Development,4,30,9,0
1583,Marketing,Development,2,1,9,0
1584,HR,Hiring,5,16,17,0
1585,Finance,Hiring,1,22,2,1
1586,Finance,Support,4,17,9,0
1587,Marketing,Support,1,25,19,1
1588,Marketing,Development,4,30,13,1
1589,Tech,Development,5,18,5,0
1590,HR,Campaign,4,11,9,0
1591,HR,Campaign,4,18,13,0
1592,Tech,Support,3,7,1,0
1593,HR,Support,5,18,15,1
1594,HR,Campaign,2,26,4,1
1595,HR,Campaign,2,8,4,1
1596,HR,Payment,5,6,20,1
1597,HR,Payment,2,30,10,0
1598,Marketing,Campaign,5,7,6,1
1599,HR,Payment,2,23,12,0
1600,Marketing,Hiring,3,22,20,0
1601,HR,Support,2,10,16,1
1602,Tech,Support,4,11,3,1
1603,Finance,Campaign,5,25,14,1
1604,Marketing,Development,1,13,1,1
1605,HR,Campaign,1,9,10,1
1606,Tech,Payment,5,7,15,1
1607,Finance,Development,3,9,7,0
1608,Marketing,Payment,2,13,4,0
1609,Finance,Hiring,3,26,14,0
1610,Tech,Payment,1,3,16,1
1611,Marketing,Hiring,5,3,14,0
1612,Finance,Hiring,5,1,3,0
1613,HR,Payment,3,21,17,0
1614,Marketing,Payment,3,20,14,0
1615,Finance,Hiring,2,2,18,0
1616,Tech,Development,4,25,3,0
1617,Tech,Hiring,4,3,19,1
1618,Marketing,Support,2,15,3,1
1619,Finance,Hiring,4,24,12,1
1620,Marketing,Development,1,6,5,0
1621,Marketing,Support,4,30,10,1
1622,Finance,Campaign,2,13,9,1
1623,Finance,Campaign,4,21,1,0
1624,HR,Development,5,1,13,1
1625,Finance,Hiring,3,20,3,0
1626,Tech,Payment,1,19,19,1
1627,Marketing,Development,5,1,11,0
1628,Marketing,Support,5,28,16,0
1629,Tech,Support,2,21,6,1
1630,Finance,Campaign,3,22,3,0
1631,Tech,Support,3,2,19,1
1632,Tech,Development,1,15,6,0
1633,HR,Support,2,14,8,1
1634,Tech,Development,1,19,13,1
1635,Marketing,Payment,4,11,12,0
1636,Tech,Campaign,5,30,10,1
1637,Marketing,Support,1,15,3,1
1638,Marketing,Development,5,6,4,1
1639,Marketing,Hiring,2,20,1,0
1640,Finance,Campaign,4,9,13,0
1641,HR,Payment,2,5,4,1
1642,Marketing,Development,4,20,11,1
1643,Marketing,Payment,4,2,19,0
1644,Finance,Payment,5,6,11,0
1645,Marketing,Support,2,26,12,1
1646,Tech,Support,2,18,11,0
1647,Tech,Development,1,28,6,0
1648,HR,Hiring,2,29,12,1
1649,Marketing,Development,1,23,9,0
1650,Finance,Hiring,3,19,10,0
1651,Tech,Payment,3,9,3,0
1652,Finance,Campaign,3,27,3,1
1653,Finance,Development,2,21,20,0
1654,Tech,Development,2,24,16,1
1655,Finance,Hiring,1,27,3,0
1656,Tech,Payment,4,6,10,0
1657,Finance,Payment,1,14,11,1
1658,Tech,Hiring,3,28,8,1
1659,Marketing,Payment,1,26,6,1
1660,HR,Support,4,24,20,1
1661,Tech,Campaign,2,29,11,0
1662,Tech,Development,1,13,12,1
1663,HR,Campaign,3,11,16,1
1664,Tech,Development,3,12,18,1
1665,Tech,Support,2,19,13,0
1666,Finance,Payment,1,19,3,0
1667,HR,Hiring,4,21,15,1
1668,Marketing,Support,2,27,14,1
1669,Tech,Campaign,1,26,18,1
1670,HR,Hiring,5,19,14,1
1671,Finance,Payment,3,24,5,0
1672,Marketing,Support,4,26,14,1
1673,HR,Hiring,4,13,8,0
1674,Marketing,Support,4,28,15,1
1675,Marketing,Support,3,14,15,1
1676,Marketing,Payment,1,24,19,0
1677,Tech,Development,2,18,20,1
1678,Tech,Hiring,1,12,6,1
1679,Finance,Payment,2,4,19,1
1680,Finance,Support,4,10,8,1
1681,HR,Payment,1,29,6,0
1682,Finance,Development,4,17,20,1
1683,Marketing,Hiring,5,4,15,1
1684,Marketing,Development,4,12,3,0
1685,Tech,Campaign,4,13,10,1
1686,Marketing,Hiring,2,29,15,0
1687,HR,Development,5,27,16,1
1688,Marketing,Support,4,29,17,1
1689,Marketing,Hiring,4,4,19,1
1690,HR,Hiring,5,10,11,0
1691,Finance,Payment,5,25,16,0
1692,Finance,Support,1,3,5,1
1693,HR,Campaign,2,15,5,0
1694,Tech,Development,5,2,14,1
1695,Marketing,Payment,5,25,18,0
1696,HR,Development,3,25,8,1
1697,Marketing,Campaign,5,17,5,0
1698,Tech,Campaign,2,6,7,1
1699,Marketing,Hiring,4,26,16,0
1700,HR,Campaign,4,8,14,0
1701,Marketing,Development,4,3,5,0
1702,Finance,Support,4,27,9,0
1703,Tech,Support,3,25,4,1
1704,Tech,Hiring,5,18,4,1
1705,Tech,Development,4,22,16,0
1706,HR,Development,1,1,17,1
1707,Tech,Campaign,4,29,15,0
1708,Finance,Development,5,16,4,1
1709,HR,Payment,4,7,6,0
1710,Finance,Campaign,3,3,16,1
1711,Marketing,Payment,2,23,4,1
1712,Marketing,Hiring,2,4,6,0
1713,Marketing,Support,5,9,5,0
1714,Marketing,Hiring,2,5,16,0
1715,Finance,Support,2,19,16,0
1716,HR,Hiring,1,15,10,0
1717,HR,Development,5,8,9,1
1718,Tech,Payment,5,6,4,0
1719,Finance,Support,2,18,14,1
1720,Marketing,Campaign,2,19,4,0
1721,Finance,Payment,2,24,12,1
1722,Tech,Campaign,3,15,10,1
1723,Tech,Payment,4,26,4,0
1724,Finance,Payment,3,7,18,0
1725,Finance,Hiring,5,10,13,1
1726,Finance,Support,1,6,13,1
1727,HR,Support,4,14,14,0
1728,Marketing,Payment,1,17,18,1
1729,Finance,Development,5,9,1,1
1730,Finance,Development,5,19,16,1
1731,Finance,Campaign,1,30,15,1
1732,Tech,Campaign,1,5,5,1
1733,Tech,Hiring,1,23,6,1
1734,HR,Payment,5,7,6,0
1735,Marketing,Campaign,2,19,3,0
1736,HR,Campaign,1,20,16,0
1737,Marketing,Payment,4,26,12,0
1738,Tech,Hiring,5,7,4,1
1739,Tech,Campaign,3,24,1,0
1740,Tech,Hiring,3,2,4,1
1741,HR,Support,4,25,1,1
1742,Finance,Hiring,2,23,8,0
1743,Finance,Development,1,16,5,0
1744,Tech,Development,5,13,2,1
1745,Finance,Hiring,1,8,12,0
1746,Finance,Development,5,6,17,0
1747,HR,Support,3,6,7,1
1748,Marketing,Payment,1,9,11,1
1749,Tech,Development,4,4,4,1
1750,Tech,Development,2,27,5,1
1751,HR,Hiring,4,11,6,1
1752,HR,Support,2,5,11,1
1753,Finance,Payment,1,25,1,0
1754,Tech,Hiring,1,17,10,0
1755,Marketing,Hiring,2,20,20,0
1756,HR,Support,3,7,11,1
1757,Marketing,Payment,5,27,17,1
1758,Marketing,Support,4,15,8,0
1759,Tech,Payment,4,25,13,0
1760,Tech,Support,4,15,20,0
1761,HR,Hiring,1,14,18,1
1762,Tech,Hiring,4,13,16,0
1763,Tech,Campaign,5,11,2,0
1764,Tech,Development,5,28,5,0
1765,Marketing,Support,2,13,18,1
1766,HR,Campaign,1,26,3,0
1767,Finance,Development,5,22,17,0
1768,Marketing,Support,3,28,16,1
1769,Tech,Payment,1,24,6,1
1770,Marketing,Development,1,29,19,1
1771,Tech,Hiring,5,9,7,1
1772,Tech,Campaign,3,10,18,1
1773,Marketing,Development,2,4,14,0
1774,HR,Development,5,17,6,0
1775,Tech,Hiring,3,14,8,1
1776,HR,Support,1,24,15,1
1777,Finance,Payment,3,18,15,1
1778,Tech,Hiring,1,11,15,1
1779,HR,Payment,5,16,16,0
1780,HR,Support,5,1,1,0
1781,Finance,Development,4,29,11,1
1782,HR,Payment,4,7,5,1
1783,HR,Campaign,4,28,5,1
1784,Finance,Campaign,5,10,6,1
1785,Tech,Hiring,2,9,2,0
1786,HR,Support,5,27,6,1
1787,HR,Hiring,3,28,14,1
1788,HR,Hiring,5,28,11,0
1789,Marketing,Hiring,5,25,4,1
1790,Finance,Campaign,1,3,9,0
1791,Marketing,Campaign,1,22,3,1
1792,Finance,Hiring,1,23,16,1
1793,Tech,Campaign,5,14,11,0
1794,Tech,Support,2,26,4,1
1795,HR,Hiring,3,25,1,0
1796,Finance,Campaign,3,15,16,0
1797,Tech,Payment,2,2,19,0
1798,Finance,Hiring,2,24,16,1
1799,Tech,Hiring,3,14,11,1
1800,Marketing,Support,4,16,8,0
1801,Tech,Development,1,7,1,1
1802,Marketing,Development,1,4,9,1
1803,Tech,Support,3,18,12,1
1804,HR,Support,2,24,8,0
1805,Marketing,Support,4,27,17,0
1806,Tech,Development,3,5,10,1
1807,HR,Support,1,6,7,0
1808,Marketing,Campaign,5,30,19,1
1809,HR,Hiring,2,27,6,1
1810,Finance,Hiring,5,7,19,1
1811,Finance,Payment,3,15,18,0
1812,Marketing,Payment,1,26,15,0
1813,Tech,Hiring,4,1,2,1
1814,Marketing,Campaign,5,24,14,0
1815,HR,Development,4,4,10,1
1816,Tech,Development,1,29,16,0
1817,Finance,Campaign,5,25,7,0
1818,Tech,Development,4,1,8,0
1819,Finance,Support,4,11,10,1
1820,Tech,Hiring,5,18,15,1
1821,Tech,Hiring,1,14,8,1
1822,Tech,Campaign,4,22,13,0
1823,HR,Development,3,11,12,1
1824,HR,Payment,5,10,8,1
1825,Marketing,Payment,2,27,15,1
1826,Marketing,Development,2,30,12,1
1827,Finance,Payment,1,17,11,0
1828,HR,Campaign,3,4,19,0
1829,Finance,Campaign,4,24,14,1
1830,Marketing,Development,2,15,18,0
1831,Finance,Payment,1,26,13,0
1832,Marketing,Campaign,3,16,4,0
1833,HR,Campaign,3,21,17,0
1834,Tech,Support,1,13,19,0
1835,HR,Support,1,9,9,1
1836,Finance,Campaign,4,11,7,0
1837,Finance,Development,1,11,1,1
1838,HR,Hiring,4,6,7,1
1839,HR,Hiring,4,1,7,1
1840,Marketing,Campaign,5,22,20,0
1841,Finance,Campaign,3,6,7,0
1842,Finance,Campaign,3,13,8,0
1843,HR,Development,3,22,16,0
1844,Tech,Support,5,24,3,1
1845,Finance,Campaign,4,22,13,1
1846,Tech,Campaign,4,5,10,1
1847,HR,Payment,1,15,18,0
1848,HR,Development,5,27,7,1
1849,Marketing,Campaign,1,18,5,1
1850,Finance,Payment,5,20,7,1
1851,Tech,Hiring,1,14,17,0
1852,Marketing,Campaign,2,15,4,1
1853,Finance,Campaign,3,26,16,1
1854,Marketing,Payment,3,5,19,0
1855,HR,Development,4,26,10,1
1856,Finance,Campaign,2,4,3,0
1857,Marketing,Hiring,3,2,3,1
1858,Marketing,Campaign,4,7,17,0
1859,Tech,Hiring,2,10,10,0
1860,Marketing,Support,3,16,17,0
1861,Finance,Support,1,10,17,1
1862,Finance,Hiring,5,18,4,1
1863,Tech,Development,2,17,6,0
1864,Finance,Campaign,4,30,12,0
1865,HR,Campaign,2,21,20,0
1866,Finance,Support,4,28,17,0
1867,Finance,Hiring,2,13,17,0
1868,Marketing,Campaign,4,1,10,0
1869,Marketing,Campaign,3,1,7,0
1870,Finance,Development,1,15,16,0
1871,Tech,Payment,3,1,13,0
1872,Marketing,Support,1,6,3,0
1873,Tech,Support,3,25,2,0
1874,Finance,Payment,3,26,16,0
1875,Finance,Campaign,2,13,6,1
1876,HR,Development,5,27,6,0
1877,Marketing,Development,4,28,13,1
1878,Finance,Support,4,1,7,1
1879,HR,Development,4,5,5,1
1880,Marketing,Payment,1,9,7,0
1881,Finance,Campaign,4,30,2,1
1882,Finance,Payment,4,25,17,0
1883,Marketing,Hiring,2,17,13,1
1884,Marketing,Support,3,16,16,0
1885,Marketing,Development,4,8,20,0
1886,Finance,Hiring,5,17,2,1
1887,Finance,Development,4,15,5,1
1888,HR,Campaign,1,24,18,0
1889,Tech,Campaign,1,1,7,1
1890,Marketing,Campaign,1,12,11,0
1891,Finance,Development,4,5,11,0
1892,Finance,Hiring,2,24,17,0
1893,Marketing,Campaign,5,6,16,1
1894,Tech,Hiring,4,25,13,0
1895,Marketing,Development,2,1,5,0
1896,Tech,Hiring,2,25,20,0
1897,Finance,Development,4,1,16,0
1898,Tech,Development,4,10,16,1
1899,HR,Support,2,10,16,1
1900,Finance,Development,2,3,14,1
1901,HR,Development,2,17,6,1
1902,Marketing,Payment,4,19,2,0
1903,Marketing,Campaign,2,28,14,0
1904,Marketing,Support,1,11,16,0
1905,Tech,Support,4,29,20,0
1906,Finance,Support,1,18,13,0
1907,Marketing,Payment,3,2,15,0
1908,Marketing,Development,4,9,12,1
1909,Finance,Campaign,3,24,9,0
1910,Marketing,Hiring,2,17,18,0
1911,HR,Development,2,28,14,0
1912,Finance,Payment,5,14,20,1
1913,Finance,Development,2,4,4,0
1914,Finance,Development,3,29,8,0
1915,HR,Payment,2,17,8,0
1916,Finance,Support,4,17,16,1
1917,HR,Support,2,12,10,0
1918,Finance,Campaign,5,28,17,0
1919,Tech,Campaign,2,20,1,1
1920,Marketing,Support,3,18,18,0
1921,Tech,Hiring,3,3,10,1
1922,Marketing,Development,2,11,4,0
1923,HR,Hiring,3,25,1,1
1924,Tech,Development,3,18,4,0
1925,Finance,Support,5,4,4,0
1926,Marketing,Campaign,4,17,4,1
1927,Marketing,Campaign,5,18,17,0
1928,Tech,Hiring,1,5,9,0
1929,HR,Campaign,5,14,19,1
1930,Tech,Support,2,10,13,0
1931,HR,Hiring,4,15,4,1
1932,HR,Development,2,1,5,0
1933,Marketing,Campaign,1,16,13,1
1934,Tech,Payment,4,11,16,0
1935,Tech,Campaign,3,23,5,0
1936,HR,Development,5,20,8,1
1937,Tech,Hiring,2,6,16,0
1938,Finance,Development,1,24,1,1
1939,Finance,Payment,3,29,6,1
1940,Tech,Support,5,22,11,1
1941,Tech,Campaign,3,16,16,0
1942,HR,Hiring,5,30,5,0
1943,Finance,Support,4,2,16,0
1944,Finance,Development,3,1,7,1
1945,Marketing,Hiring,3,24,19,1
1946,HR,Support,3,24,1,1
1947,Marketing,Hiring,4,9,9,0
1948,Finance,Payment,1,22,18,1
1949,HR,Payment,5,12,13,0
1950,Tech,Campaign,3,17,15,0
1951,HR,Campaign,4,30,3,0
1952,Tech,Payment,1,25,10,0
1953,Tech,Hiring,5,28,9,0
1954,HR,Payment,4,29,13,0
1955,Tech,Campaign,5,15,16,0
1956,Marketing,Payment,3,30,3,0
1957,Finance,Payment,1,19,15,1
1958,Tech,Hiring,4,27,17,0
1959,Marketing,Support,1,22,14,0
1960,Tech,Campaign,3,10,7,1
1961,Finance,Hiring,1,29,20,1
1962,Marketing,Payment,1,26,16,1
1963,Finance,Payment,2,27,8,1
1964,Finance,Support,1,12,4,0
1965,Marketing,Campaign,5,14,20,1
1966,Marketing,Campaign,4,9,15,1
1967,Marketing,Development,2,27,5,1
1968,HR,Campaign,4,13,13,1
1969,Marketing,Support,4,3,6,0
1970,Marketing,Development,3,21,5,1
1971,Marketing,Development,3,29,17,1
1972,Marketing,Payment,2,14,7,1
1973,Tech,Payment,3,21,6,1
1974,HR,Campaign,3,10,2,0
1975,Finance,Development,3,16,11,1
1976,Marketing,Payment,4,7,7,1
1977,Tech,Support,2,4,8,1
1978,Tech,Payment,4,27,5,0
1979,Tech,Payment,5,20,18,1
1980,Finance,Development,4,23,16,1
1981,Marketing,Development,5,25,14,0
1982,HR,Hiring,1,11,12,1
1983,HR,Support,1,16,17,0
1984,Tech,Development,5,20,5,0
1985,Finance,Campaign,5,4,14,1
1986,Finance,Support,4,22,6,1
1987,Finance,Support,5,22,15,0
1988,HR,Development,2,23,7,0
1989,Tech,Support,1,17,14,1
1990,Marketing,Development,1,13,18,0
1991,HR,Payment,5,11,1,0
1992,Tech,Hiring,3,30,6,1
1993,Tech,Payment,3,3,3,0
1994,Marketing,Development,5,9,5,0
1995,Marketing,Development,2,6,12,0
1996,Marketing,Payment,3,22,11,0
1997,Finance,Campaign,5,21,13,0
1998,Marketing,Campaign,2,11,16,0
1999,Tech,Campaign,2,16,18,1
2000,Marketing,Development,4,19,17,0
2001,Tech,Support,2,27,17,1
2002,HR,Development,3,5,11,1
2003,Finance,Support,3,14,20,1
2004,HR,Payment,5,17,10,1
2005,HR,Hiring,5,3,16,1
2006,Tech,Support,2,4,2,1
2007,HR,Campaign,1,16,17,1
2008,Tech,Development,4,16,20,1
2009,Marketing,Payment,1,21,10,0
2010,Marketing,Campaign,2,26,13,1
2011,Tech,Payment,2,25,12,1
2012,Marketing,Hiring,1,4,15,1
2013,Finance,Development,4,19,7,0
2014,HR,Development,1,26,13,1
2015,Finance,Hiring,5,17,12,0
2016,HR,Development,3,13,12,1
2017,Marketing,Support,5,26,2,1
2018,Finance,Payment,3,22,5,0
2019,Marketing,Campaign,2,23,2,1
2020,HR,Hiring,4,26,20,0
2021,Tech,Support,1,24,13,0
2022,Tech,Campaign,4,28,3,1
2023,Finance,Campaign,1,1,11,1
2024,Marketing,Hiring,5,12,16,0
2025,Marketing,Support,5,4,1,0
2026,Finance,Campaign,1,11,19,1
2027,Tech,Campaign,4,5,11,1
2028,HR,Support,1,2,9,1
2029,Finance,Development,2,17,14,0
2030,HR,Campaign,5,8,9,1
2031,Tech,Payment,2,6,7,0
2032,Marketing,Support,5,21,16,1
2033,Tech,Campaign,5,29,3,0
2034,Finance,Hiring,3,9,19,0
2035,Marketing,Payment,2,13,4,1
2036,Finance,Campaign,2,11,7,0
2037,Finance,Payment,3,29,12,0
2038,Tech,Payment,4,16,18,0
2039,Finance,Development,2,16,5,0
2040,Tech,Payment,1,27,10,0
2041,Marketing,Development,3,2,12,1
2042,Tech,Support,2,10,8,1
2043,Marketing,Development,4,12,19,0
2044,Tech,Hiring,2,8,15,1
2045,HR,Campaign,5,11,1,0
2046,HR,Support,1,30,3,0
2047,Finance,Support,3,10,18,1
2048,Tech,Hiring,5,13,18,0
2049,Tech,Development,4,25,2,0
2050,Marketing,Campaign,5,17,5,0
2051,Finance,Development,5,7,1,1
2052,Tech,Payment,4,24,10,1
2053,Finance,Development,5,3,20,0
2054,HR,Support,3,30,10,0
2055,Tech,Campaign,2,20,5,0
2056,Tech,Development,5,13,18,0
2057,Finance,Campaign,3,19,15,0
2058,Tech,Campaign,2,7,20,1
2059,Finance,Payment,2,9,8,1
2060,Tech,Payment,5,19,17,1
2061,Marketing,Support,3,13,12,1
2062,Finance,Hiring,5,22,12,0
2063,Tech,Campaign,4,8,1,0
2064,HR,Hiring,2,22,4,1
2065,Tech,Support,5,18,8,1
2066,HR,Campaign,2,29,1,0
2067,HR,Campaign,3,23,15,1
2068,Marketing,Hiring,1,2,18,0
2069,Finance,Development,5,18,1,0
2070,Tech,Payment,5,18,11,0
2071,Marketing,Development,2,11,2,1
2072,Tech,Hiring,3,1,1,1
2073,HR,Payment,4,14,12,1
2074,Finance,Development,3,16,16,1
2075,Tech,Payment,5,11,10,1
2076,Tech,Campaign,4,1,18,0
2077,HR,Development,3,30,15,1
2078,Tech,Payment,1,7,17,0
2079,Tech,Payment,2,29,10,0
2080,HR,Payment,3,16,3,0
2081,Marketing,Development,3,30,16,1
2082,HR,Support,1,14,6,1
2083,Marketing,Development,5,15,3,1
2084,Finance,Hiring,2,14,9,1
2085,Marketing,Development,3,28,11,1
2086,Marketing,Payment,4,21,13,1
2087,Finance,Campaign,3,11,18,1
2088,Marketing,Development,2,16,4,1
2089,HR,Development,3,19,8,0
2090,Marketing,Payment,1,17,13,1
2091,Finance,Campaign,3,27,10,0
2092,HR,Campaign,3,26,2,0
2093,Finance,Hiring,4,6,8,0
2094,Finance,Development,1,11,6,0
2095,Tech,Campaign,1,17,16,1
2096,Tech,Campaign,3,9,18,1
2097,Finance,Support,4,18,17,0
2098,Finance,Support,3,17,6,0
2099,Finance,Campaign,3,12,13,0
2100,Tech,Hiring,2,23,14,1
2101,Tech,Campaign,2,22,10,0
2102,Marketing,Payment,4,22,11,0
2103,Marketing,Development,5,30,13,1
2104,Finance,Hiring,2,5,12,0
2105,HR,Payment,5,11,9,1
2106,HR,Hiring,1,4,4,1
2107,Tech,Payment,2,27,7,0
2108,Tech,Development,2,4,2,0
2109,Tech,Development,4,3,7,0
2110,Finance,Support,5,26,9,1
2111,HR,Payment,2,24,5,1
2112,Marketing,Support,2,23,15,1
2113,Finance,Payment,4,25,18,0
2114,Marketing,Support,4,17,4,0
2115,Marketing,Development,5,7,19,0
2116,Finance,Hiring,1,26,20,0
2117,Marketing,Support,1,4,7,0
2118,HR,Payment,3,23,8,0
2119,Marketing,Payment,2,13,17,1
2120,HR,Development,5,12,13,1
2121,HR,Payment,2,1,11,1
2122,HR,Campaign,5,21,1,0
2123,Tech,Hiring,5,19,2,1
2124,Marketing,Support,5,21,17,1
2125,Finance,Hiring,2,20,5,1
2126,Finance,Development,4,18,6,0
2127,Marketing,Support,2,11,7,0
2128,Tech,Support,5,20,15,1
2129,Tech,Campaign,3,3,19,0
2130,HR,Development,1,29,16,0
2131,Marketing,Payment,5,17,13,0
2132,Marketing,Campaign,3,12,5,0
2133,Finance,Campaign,4,10,3,1
2134,Marketing,Hiring,5,8,3,0
2135,Tech,Hiring,3,15,19,1
2136,Marketing,Hiring,5,5,14,1
2137,Finance,Campaign,2,4,16,0
2138,HR,Payment,3,26,17,0
2139,Finance,Support,2,28,4,0
2140,Finance,Hiring,2,21,13,1
2141,HR,Payment,3,20,8,1
2142,Finance,Development,1,19,19,1
2143,Finance,Hiring,3,21,5,1
2144,Marketing,Support,1,4,2,1
2145,Marketing,Development,5,15,15,1
2146,HR,Development,5,17,2,1
2147,Marketing,Support,3,12,11,0
2148,Marketing,Hiring,5,3,13,1
2149,Finance,Campaign,4,10,10,1
2150,Tech,Support,2,15,3,1
2151,Marketing,Support,2,10,5,1
2152,Tech,Support,1,24,3,0
2153,Marketing,Development,5,23,6,1
2154,Marketing,Payment,1,18,13,1
2155,HR,Campaign,2,1,10,0
2156,HR,Hiring,2,3,19,0
2157,HR,Hiring,5,21,8,1
2158,Tech,Payment,4,26,18,1
2159,Finance,Support,4,27,3,1
2160,Marketing,Campaign,5,12,17,1
2161,Marketing,Hiring,5,1,8,1
2162,Marketing,Hiring,1,3,10,1
2163,Tech,Support,5,3,2,0
2164,HR,Payment,4,5,12,0
2165,Finance,Campaign,5,19,6,1
2166,Tech,Payment,1,29,2,1
2167,HR,Payment,1,25,3,1
2168,Tech,Campaign,1,1,17,0
2169,Finance,Campaign,1,4,7,1
2170,HR,Hiring,3,29,5,0
2171,Tech,Hiring,5,29,1,0
2172,Finance,Campaign,2,26,8,1
2173,Marketing,Development,5,26,12,0
2174,Finance,Hiring,3,4,14,1
2175,Marketing,Development,1,17,16,0
2176,Tech,Campaign,3,14,10,1
2177,HR,Hiring,4,18,15,1
2178,HR,Payment,4,27,15,0
2179,Tech,Campaign,5,1,10,0
2180,HR,Support,5,22,7,0
2181,HR,Development,2,16,3,1
2182,Marketing,Campaign,2,3,2,0
2183,Tech,Campaign,4,23,6,0
2184,Finance,Hiring,1,21,9,1
2185,Marketing,Hiring,3,9,10,1
2186,Tech,Hiring,2,23,4,0
2187,Marketing,Support,2,4,3,0
2188,Finance,Hiring,1,21,9,0
2189,Finance,Campaign,1,5,17,1
2190,Tech,Hiring,5,11,14,1
2191,Finance,Payment,3,21,10,0
2192,Marketing,Hiring,1,26,13,1
2193,Finance,Support,2,9,12,0
2194,Marketing,Payment,2,26,1,0
2195,Marketing,Campaign,4,3,19,1
2196,Finance,Campaign,1,6,19,0
2197,Tech,Development,5,24,6,0
2198,HR,Payment,3,11,13,1
2199,Finance,Development,5,9,19,0
2200,Marketing,Payment,2,29,13,0
2201,Marketing,Payment,5,15,4,1
2202,Finance,Support,2,23,2,0
2203,Tech,Development,2,28,15,0
2204,Tech,Support,2,3,12,1
2205,Marketing,Payment,2,1,7,1
2206,Marketing,Campaign,2,20,20,1
2207,Tech,Payment,4,29,18,0
2208,HR,Support,5,22,13,1
2209,Finance,Development,4,19,17,0
2210,Marketing,Development,4,14,4,1
2211,Marketing,Support,1,17,14,0
2212,Tech,Development,1,22,20,0
2213,Finance,Hiring,1,14,13,1
2214,Tech,Campaign,3,17,3,0
2215,Finance,Campaign,1,25,18,0
2216,Finance,Campaign,5,27,14,1
2217,Finance,Development,4,14,15,0
2218,Marketing,Development,5,12,3,0
2219,HR,Payment,1,16,1,0
2220,Tech,Payment,3,1,17,1
2221,HR,Campaign,3,13,3,1
2222,Tech,Hiring,4,6,14,1
2223,Finance,Payment,5,17,3,1
2224,Marketing,Payment,2,12,13,1
2225,HR,Development,5,23,15,1
2226,Marketing,Hiring,1,19,18,1
2227,Tech,Campaign,2,6,14,1
2228,Marketing,Payment,3,7,3,0
2229,Marketing,Hiring,4,1,19,0
2230,HR,Hiring,4,1,8,0
2231,Finance,Campaign,3,29,4,0
2232,Marketing,Hiring,1,5,4,1
2233,Finance,Hiring,3,6,19,0
2234,Tech,Hiring,1,16,11,0
2235,Marketing,Payment,2,25,1,0
2236,HR,Campaign,3,16,8,0
2237,Tech,Hiring,1,14,15,0
2238,Tech,Hiring,2,1,1,1
2239,HR,Payment,3,13,7,1
2240,Marketing,Campaign,4,20,20,0
2241,Marketing,Development,3,10,20,0
2242,Tech,Payment,5,24,11,0
2243,Marketing,Campaign,3,10,14,0
2244,Finance,Hiring,5,9,16,1
2245,HR,Campaign,2,13,14,0
2246,Finance,Campaign,3,3,12,1
2247,Marketing,Campaign,2,27,17,0
2248,Tech,Development,2,18,14,1
2249,HR,Campaign,1,20,10,1
2250,Marketing,Development,2,2,14,1
2251,Marketing,Hiring,2,17,18,0
2252,Tech,Development,3,28,9,0
2253,Tech,Hiring,3,19,17,1
2254,Finance,Hiring,4,23,6,0
2255,HR,Development,1,13,8,0
2256,HR,Payment,2,13,13,1
2257,Tech,Support,1,1,18,0
2258,Finance,Campaign,5,2,5,1
2259,HR,Support,2,1,6,0
2260,Tech,Campaign,1,24,19,0
2261,Marketing,Campaign,4,5,4,1
2262,HR,Hiring,4,24,7,1
2263,Finance,Campaign,2,3,4,1
2264,Finance,Campaign,5,29,11,1
2265,Finance,Development,4,28,12,0
2266,Marketing,Support,4,7,14,0
2267,HR,Development,5,24,13,0
2268,HR,Campaign,1,22,10,1
2269,Marketing,Hiring,4,13,18,0
2270,HR,Development,3,29,16,0
2271,Marketing,Development,4,23,5,0
2272,Marketing,Payment,1,30,8,1
2273,Marketing,Campaign,1,28,14,1
2274,Finance,Hiring,2,18,5,0
2275,HR,Development,3,24,8,0
2276,Marketing,Development,1,21,6,1
2277,HR,Hiring,5,7,16,1
2278,Finance,Campaign,3,1,4,1
2279,Marketing,Payment,3,5,12,1
2280,Tech,Development,5,17,11,0
2281,Finance,Payment,4,28,3,1
2282,Tech,Support,5,29,12,0
2283,HR,Campaign,5,8,5,1
2284,HR,Support,4,15,6,0
2285,Finance,Support,4,20,19,0
2286,HR,Support,4,4,18,1
2287,Tech,Campaign,4,2,16,0
2288,Marketing,Campaign,4,5,11,0
2289,Marketing,Hiring,5,1,5,0
2290,Marketing,Payment,2,25,9,1
2291,Finance,Payment,2,5,3,1
2292,HR,Hiring,1,6,8,1
2293,Tech,Hiring,2,2,6,0
2294,HR,Support,2,26,4,0
2295,HR,Hiring,5,26,12,0
2296,HR,Development,4,1,12,0
2297,Marketing,Payment,4,4,16,1
2298,Tech,Hiring,5,7,10,0
2299,Tech,Development,2,22,14,0
2300,HR,Development,5,26,13,0
2301,Marketing,Development,1,1,9,1
2302,Marketing,Development,4,1,7,0
2303,Tech,Support,3,8,12,1
2304,Marketing,Development,1,20,5,1
2305,Marketing,Support,1,16,18,0
2306,Marketing,Support,5,21,4,0
2307,Finance,Development,2,13,2,0
2308,HR,Payment,4,23,3,0
2309,Tech,Development,3,24,12,1
2310,Tech,Development,1,26,3,1
2311,Finance,Development,3,23,4,1
2312,HR,Payment,2,18,6,1
2313,Tech,Campaign,2,30,12,1
2314,Marketing,Campaign,3,20,19,1
2315,Tech,Support,4,10,10,1
2316,Marketing,Support,2,12,1,1
2317,Finance,Payment,3,1,17,1
2318,Marketing,Hiring,1,10,16,1
2319,Tech,Campaign,3,9,9,0
2320,Tech,Support,3,3,9,0
2321,Tech,Campaign,5,28,9,0
2322,Finance,Payment,2,19,12,1
2323,Finance,Payment,4,26,9,0
2324,HR,Hiring,4,9,15,1
2325,Tech,Hiring,5,10,2,1
2326,Marketing,Payment,4,19,11,0
2327,Finance,Support,3,16,11,1
2328,Tech,Campaign,5,24,8,0
2329,Tech,Development,1,18,6,1
2330,Finance,Hiring,2,14,20,1
2331,HR,Development,2,29,7,0
2332,Finance,Support,2,3,3,0
2333,Finance,Hiring,3,2,8,0
2334,Marketing,Development,1,1,18,0
2335,Marketing,Support,5,18,17,0
2336,HR,Campaign,5,24,11,0
2337,Tech,Support,2,9,2,1
2338,Finance,Hiring,1,13,19,1
2339,HR,Payment,1,2,7,1
2340,Marketing,Campaign,1,7,18,1
2341,Finance,Development,4,16,8,0
2342,Tech,Hiring,4,21,14,1
2343,Marketing,Payment,2,19,7,1
2344,Marketing,Support,1,25,4,0
2345,Marketing,Payment,1,15,17,1
2346,HR,Hiring,5,22,5,0
2347,Tech,Hiring,5,11,12,0
2348,Finance,Payment,2,1,9,0
2349,HR,Support,1,21,20,1
2350,HR,Payment,2,7,13,0
2351,HR,Hiring,5,20,18,1
2352,Marketing,Hiring,5,8,20,1
2353,Tech,Development,4,10,9,1
2354,HR,Development,2,5,4,0
2355,Finance,Campaign,2,9,8,0
2356,Tech,Hiring,1,25,1,0
2357,Finance,Development,1,25,17,1
2358,Tech,Payment,4,1,9,1
2359,Finance,Support,3,2,20,0
2360,Marketing,Payment,3,19,13,1
2361,HR,Support,3,14,2,0
2362,Finance,Development,2,20,13,0
2363,Tech,Campaign,2,10,9,1
2364,HR,Payment,5,9,20,1
2365,HR,Payment,2,10,6,0
2366,Tech,Payment,2,29,1,1
2367,Finance,Support,2,6,5,0
2368,Marketing,Development,4,17,3,0
2369,Marketing,Payment,2,28,4,1
2370,Finance,Payment,1,25,1,0
2371,HR,Campaign,1,6,14,1
2372,HR,Campaign,5,4,9,0
2373,HR,Development,4,30,4,1
2374,HR,Development,1,20,18,1
2375,Finance,Hiring,4,3,14,0
2376,HR,Campaign,4,23,4,1
2377,Tech,Hiring,5,19,10,1
2378,HR,Support,4,18,3,0
2379,Marketing,Hiring,2,26,7,1
2380,HR,Payment,4,24,10,0
2381,Finance,Hiring,5,4,13,1
2382,Marketing,Development,5,8,4,0
2383,Finance,Support,5,17,18,0
2384,Finance,Payment,1,5,11,0
2385,Marketing,Hiring,2,13,4,0
2386,Finance,Support,1,25,14,1
2387,Finance,Support,3,1,18,0
2388,HR,Payment,2,27,8,1
2389,Tech,Hiring,4,13,10,0
2390,Finance,Support,5,4,5,1
2391,Finance,Support,3,22,7,0
2392,Finance,Campaign,2,26,12,1
2393,HR,Support,1,24,3,1
2394,Tech,Campaign,5,14,4,0
2395,Marketing,Hiring,1,3,10,0
2396,HR,Hiring,2,5,4,0
2397,HR,Hiring,2,7,15,1
2398,Tech,Development,3,1,10,1
2399,Tech,Hiring,4,23,16,1
2400,HR,Support,1,29,15,1
2401,Marketing,Payment,3,12,19,0
2402,HR,Campaign,5,11,20,0
2403,Tech,Development,4,24,19,0
2404,Marketing,Hiring,3,8,18,0
2405,Tech,Hiring,1,25,12,1
2406,Marketing,Payment,2,6,16,1
2407,Finance,Payment,5,28,1,0
2408,Tech,Development,1,22,16,1
2409,Tech,Campaign,4,2,2,0
2410,HR,Hiring,4,19,15,1
2411,Tech,Development,2,20,7,1
2412,Tech,Support,2,20,1,1
2413,Finance,Support,5,24,5,1
2414,Tech,Development,5,14,10,1
2415,Finance,Hiring,2,1,4,1
2416,Finance,Development,2,10,14,0
2417,Finance,Hiring,4,16,13,1
2418,Finance,Payment,2,30,1,0
2419,Marketing,Development,3,4,16,0
2420,HR,Hiring,1,27,9,0
2421,Marketing,Development,2,28,16,0
2422,Tech,Development,5,29,19,0
2423,Marketing,Hiring,3,11,15,0
2424,Marketing,Hiring,5,16,14,1
2425,Tech,Campaign,3,27,20,1
2426,Tech,Development,2,20,10,1
2427,Tech,Support,1,1,12,0
2428,Marketing,Development,5,16,1,0
2429,Marketing,Development,3,19,17,0
2430,Tech,Hiring,4,21,9,1
2431,HR,Development,2,22,19,1
2432,HR,Development,1,9,18,1
2433,Finance,Support,2,9,7,0
2434,Tech,Hiring,4,9,9,0
2435,Finance,Development,1,27,12,0
2436,HR,Payment,4,17,7,1
2437,Finance,Campaign,2,12,14,0
2438,Tech,Support,3,25,15,0
2439,Tech,Development,2,13,15,0
2440,Tech,Payment,2,8,6,0
2441,Marketing,Development,2,16,14,1
2442,Finance,Development,5,18,2,1
2443,HR,Hiring,4,29,8,0
2444,HR,Hiring,4,27,13,0
2445,HR,Hiring,4,1,6,1
2446,Marketing,Payment,5,1,5,1
2447,Marketing,Development,3,12,5,0
2448,Tech,Campaign,2,6,1,1
2449,HR,Support,3,9,9,1
2450,Marketing,Hiring,5,23,6,0
2451,Tech,Hiring,4,5,20,1
2452,HR,Development,2,27,7,1
2453,Finance,Development,1,16,9,1
2454,Tech,Payment,1,18,5,1
2455,Marketing,Payment,3,17,14,0
2456,Marketing,Hiring,4,18,5,1
2457,Tech,Development,1,1,8,1
2458,Tech,Campaign,3,19,7,0
2459,Marketing,Support,5,22,13,1
2460,Finance,Development,3,29,13,0
2461,HR,Development,3,8,8,0
2462,Finance,Payment,3,3,11,1
2463,Tech,Support,2,26,18,1
2464,Finance,Hiring,3,25,19,1
2465,Marketing,Development,3,26,6,1
2466,Tech,Hiring,2,5,2,1
2467,HR,Development,2,23,13,0
2468,Marketing,Hiring,5,8,11,1
2469,Marketing,Support,4,19,1,0
2470,HR,Payment,1,18,2,1
2471,HR,Support,1,18,17,0
2472,Finance,Campaign,3,21,8,1
2473,Tech,Payment,5,1,2,1
2474,HR,Support,3,15,6,1
2475,HR,Campaign,1,18,5,1
2476,Tech,Development,2,29,16,1
2477,HR,Development,4,25,8,0
2478,HR,Hiring,5,7,19,1
2479,Finance,Payment,2,16,16,1
2480,Marketing,Development,4,16,13,1
2481,Marketing,Payment,5,15,20,0
2482,Marketing,Development,5,6,7,1
2483,Marketing,Hiring,1,9,16,0
2484,HR,Support,2,7,16,1
2485,Tech,Hiring,5,14,12,0
2486,Tech,Campaign,5,11,14,1
2487,Finance,Development,4,21,18,1
2488,Finance,Campaign,1,16,18,0
2489,HR,Campaign,3,25,16,1
2490,Tech,Payment,1,6,20,0
2491,Tech,Development,3,22,16,1
2492,Marketing,Campaign,2,27,13,1
2493,HR,Support,2,16,9,0
2494,HR,Campaign,5,20,9,1
2495,Marketing,Support,2,29,13,0
2496,HR,Payment,5,16,4,0
2497,HR,Campaign,1,12,9,1
2498,Finance,Hiring,2,17,15,1
2499,Tech,Payment,1,5,14,1
2500,HR,Support,1,27,19,0
2501,Finance,Payment,2,25,12,0
2502,Tech,Campaign,1,13,6,1
2503,Marketing,Development,2,8,3,0
2504,Finance,Development,2,24,20,0
2505,Finance,Support,2,5,16,0
2506,Tech,Support,3,12,20,0
2507,Marketing,Development,1,9,17,1
2508,Finance,Support,4,3,16,1
2509,HR,Payment,2,3,6,1
2510,HR,Hiring,1,1,8,0
2511,HR,Hiring,5,25,19,0
2512,Marketing,Payment,2,22,2,0
2513,Finance,Hiring,2,18,14,0
2514,HR,Campaign,4,24,12,1
2515,Marketing,Payment,3,12,17,0
2516,HR,Support,3,9,15,0
2517,Tech,Payment,2,9,18,1
2518,Finance,Development,1,18,16,1
2519,Finance,Support,5,18,13,1
2520,Marketing,Development,5,29,17,0
2521,Marketing,Support,1,7,8,0
2522,Finance,Hiring,2,27,1,0
2523,HR,Payment,5,4,3,0
2524,HR,Campaign,3,13,16,0
2525,Tech,Support,1,17,2,0
2526,HR,Support,4,24,15,1
2527,Marketing,Development,2,2,1,0
2528,Marketing,Hiring,1,14,9,1
2529,HR,Development,5,3,16,1
2530,Marketing,Development,2,5,4,1
2531,Finance,Hiring,3,14,12,0
2532,Finance,Campaign,2,3,1,0
2533,HR,Development,2,23,1,1
2534,Finance,Development,3,7,7,0
2535,Finance,Support,3,30,18,0
2536,Tech,Hiring,2,18,15,1
2537,Tech,Payment,3,13,13,0
2538,Finance,Campaign,1,29,16,0
2539,HR,Campaign,3,23,7,0
2540,Tech,Hiring,3,27,16,0
2541,Marketing,Support,2,22,13,1
2542,Marketing,Support,1,10,14,1
2543,Marketing,Hiring,4,25,17,0
2544,HR,Support,4,13,12,0
2545,Finance,Campaign,5,16,20,0
2546,Marketing,Campaign,3,9,13,1
2547,HR,Payment,3,2,20,0
2548,Tech,Hiring,1,23,15,0
2549,Finance,Development,4,5,4,1
2550,Tech,Development,5,29,2,0
2551,HR,Payment,1,22,18,1
2552,Marketing,Payment,3,17,2,0
2553,Marketing,Support,4,23,15,1
2554,HR,Payment,5,22,19,0
2555,Marketing,Payment,2,4,15,0
2556,Finance,Development,4,17,20,1
2557,HR,Support,5,9,10,1
2558,Tech,Payment,1,20,20,1
2559,HR,Payment,2,2,11,1
2560,Finance,Support,5,24,10,1
2561,Finance,Hiring,5,18,5,0
2562,HR,Support,3,21,9,1
2563,HR,Development,4,27,20,1
2564,Marketing,Hiring,3,22,19,1
2565,Finance,Campaign,2,11,13,1
2566,HR,Support,5,13,18,0
2567,HR,Development,3,8,17,0
2568,Finance,Hiring,4,27,6,0
2569,HR,Support,2,1,10,0
2570,Marketing,Payment,1,17,2,0
2571,Finance,Support,3,12,6,1
2572,Marketing,Campaign,2,4,13,0
2573,Marketing,Support,1,21,18,0
2574,Marketing,Hiring,3,13,7,1
2575,Marketing,Hiring,2,29,2,1
2576,Finance,Support,2,9,14,0
2577,Marketing,Hiring,3,27,5,0
2578,Marketing,Payment,2,30,18,1
2579,HR,Support,5,7,11,0
2580,Finance,Payment,3,23,10,1
2581,Finance,Payment,2,24,11,1
2582,Tech,Development,1,5,2,0
2583,Finance,Support,1,5,15,0
2584,Finance,Hiring,5,17,7,0
2585,Tech,Payment,3,30,9,1
2586,Finance,Development,2,9,5,1
2587,Finance,Support,2,6,7,0
2588,Finance,Support,1,25,20,0
2589,Finance,Campaign,5,19,2,0
2590,Tech,Campaign,1,16,3,1
2591,Finance,Payment,1,21,2,1
2592,Finance,Campaign,5,2,19,1
2593,Tech,Payment,3,10,4,0
2594,HR,Hiring,2,16,20,1
2595,Marketing,Payment,3,5,7,1
2596,HR,Campaign,4,15,7,0
2597,Tech,Hiring,4,13,17,1
2598,Marketing,Campaign,4,13,19,0
2599,Tech,Payment,5,13,16,1
2600,Tech,Development,1,15,3,0
2601,Finance,Support,3,14,15,0
2602,Marketing,Campaign,2,8,14,1
2603,Finance,Payment,4,11,15,0
2604,Marketing,Hiring,3,18,14,1
2605,Tech,Campaign,4,24,7,0
2606,Tech,Campaign,4,4,3,0
2607,HR,Support,2,26,17,0
2608,Marketing,Payment,5,10,10,1
2609,Finance,Development,1,1,15,0
2610,HR,Hiring,5,29,6,0
2611,HR,Payment,3,5,17,1
2612,HR,Hiring,5,13,17,0
2613,Finance,Campaign,3,1,14,0
2614,HR,Support,3,23,18,0
2615,Finance,Support,1,8,5,0
2616,HR,Development,2,3,8,1
2617,Finance,Support,1,3,7,0
2618,Tech,Campaign,5,7,4,0
2619,Tech,Development,3,4,18,1
2620,Tech,Payment,4,3,5,0
2621,Tech,Support,4,15,16,0
2622,Tech,Development,3,8,14,1
2623,HR,Campaign,1,3,19,1
2624,HR,Hiring,2,29,14,1
2625,HR,Hiring,1,30,9,1
2626,Finance,Campaign,3,7,6,0
2627,Finance,Campaign,3,18,17,1
2628,Finance,Hiring,2,11,19,0
2629,Finance,Development,5,11,12,1
2630,Tech,Hiring,5,17,4,0
2631,Tech,Campaign,2,28,16,1
2632,Tech,Support,5,6,11,1
2633,Marketing,Payment,4,8,4,0
2634,HR,Support,5,1,17,1
2635,Finance,Support,5,29,8,1
2636,Finance,Campaign,5,10,14,1
2637,Tech,Hiring,4,28,2,0
2638,Finance,Development,5,25,11,1
2639,Finance,Support,4,19,11,1
2640,HR,Hiring,2,3,6,0
2641,Tech,Development,1,4,14,0
2642,HR,Support,2,11,10,1
2643,Marketing,Development,1,15,8,0
2644,Marketing,Hiring,2,1,7,0
2645,Marketing,Payment,1,9,8,0
2646,Tech,Hiring,1,11,8,1
2647,Finance,Campaign,3,19,2,1
2648,Tech,Development,1,13,16,0
2649,Tech,Payment,1,26,9,1
2650,Finance,Development,3,16,13,0
2651,HR,Development,5,4,12,1
2652,Marketing,Support,5,1,17,0
2653,HR,Campaign,3,20,2,1
2654,Marketing,Development,4,13,13,0
2655,Tech,Hiring,1,1,1,1
2656,Marketing,Hiring,1,5,19,1
2657,Tech,Support,3,5,11,0
2658,HR,Campaign,3,14,5,1
2659,Tech,Campaign,4,27,1,1
2660,HR,Hiring,5,23,20,1
2661,Finance,Payment,2,14,13,1
2662,Finance,Support,5,8,8,1
2663,Finance,Support,1,4,6,1
2664,Tech,Hiring,3,7,17,1
2665,Finance,Hiring,4,20,12,1
2666,Marketing,Payment,5,19,1,0
2667,HR,Payment,4,15,3,1
2668,HR,Campaign,5,22,14,0
2669,Marketing,Support,1,4,8,1
2670,Tech,Support,2,30,11,0
2671,Tech,Hiring,4,19,14,1
2672,HR,Campaign,4,9,8,0
2673,Finance,Support,2,21,3,0
2674,Tech,Campaign,4,13,7,1
2675,Tech,Campaign,4,14,19,0
2676,Marketing,Hiring,5,23,4,1
2677,Marketing,Campaign,5,28,16,1
2678,Finance,Payment,2,14,13,0
2679,Tech,Payment,1,22,20,1
2680,Tech,Development,4,10,19,0
2681,Marketing,Hiring,1,16,5,0
2682,Tech,Development,2,5,5,1
2683,HR,Payment,2,23,20,1
2684,Marketing,Development,5,27,4,1
2685,Finance,Hiring,4,6,2,1
2686,Marketing,Hiring,3,26,13,1
2687,Tech,Campaign,2,2,16,0
2688,Finance,Support,4,13,2,0
2689,Marketing,Campaign,1,29,19,1
2690,HR,Hiring,5,13,17,1
2691,HR,Payment,1,19,5,1
2692,Marketing,Payment,2,18,18,0
2693,HR,Campaign,2,28,18,0
2694,HR,Hiring,1,19,8,0
2695,HR,Payment,2,1,15,1
2696,Finance,Hiring,4,8,13,1
2697,HR,Payment,2,22,13,0
2698,HR,Hiring,5,16,16,1
2699,HR,Development,4,29,20,1
2700,Finance,Hiring,3,2,13,0
2701,Marketing,Hiring,2,8,20,0
2702,Tech,Campaign,2,6,2,1
2703,HR,Development,5,16,3,0
2704,Marketing,Support,5,23,15,1
2705,HR,Campaign,1,11,19,0
2706,Finance,Support,1,17,13,0
2707,Marketing,Payment,1,23,5,1
2708,Finance,Support,5,19,6,1
2709,HR,Hiring,1,11,14,0
2710,HR,Support,1,28,4,1
2711,Finance,Campaign,3,8,19,0
2712,Tech,Campaign,1,22,7,1
2713,Finance,Support,2,4,4,0
2714,HR,Campaign,5,11,2,0
2715,Finance,Campaign,4,8,7,0
2716,Tech,Support,3,9,3,1
2717,Finance,Development,5,26,15,0
2718,Tech,Development,5,2,1,0
2719,Tech,Payment,2,16,2,0
2720,Finance,Campaign,1,6,10,0
2721,Finance,Support,2,21,16,1
2722,Marketing,Campaign,1,21,15,1
2723,HR,Hiring,1,26,15,0
2724,Tech,Campaign,5,27,14,0
2725,Marketing,Campaign,1,19,14,1
2726,Finance,Development,3,28,6,0
2727,HR,Support,3,8,14,1
2728,Marketing,Campaign,3,14,17,0
2729,Tech,Development,5,24,18,1
2730,Marketing,Payment,2,16,20,0
2731,Tech,Development,4,12,19,1
2732,Finance,Development,1,5,17,1
2733,HR,Development,4,24,16,1
2734,HR,Campaign,2,26,8,0
2735,HR,Campaign,2,24,7,1
2736,Finance,Payment,5,19,20,1
2737,Tech,Hiring,3,18,12,0
2738,Finance,Hiring,3,9,9,0
2739,HR,Hiring,2,2,14,0
2740,Finance,Payment,5,25,20,0
2741,Finance,Hiring,5,20,1,1
2742,Finance,Hiring,1,12,10,0
2743,Tech,Development,3,29,17,0
2744,Marketing,Campaign,2,2,17,0
2745,Marketing,Campaign,4,10,17,0
2746,Finance,Development,3,1,4,0
2747,Marketing,Development,1,4,17,0
2748,Marketing,Development,5,25,18,0
2749,Finance,Campaign,2,12,20,1
2750,Finance,Hiring,3,9,2,1
2751,HR,Development,4,4,8,1
2752,Marketing,Payment,1,9,13,1
2753,Tech,Development,1,28,20,1
2754,Finance,Support,3,6,15,0
2755,HR,Development,4,1,20,0
2756,Tech,Campaign,1,10,9,0
2757,Marketing,Development,2,29,3,0
2758,HR,Support,1,14,3,1
2759,Finance,Payment,4,22,2,1
2760,Tech,Hiring,5,25,1,0
2761,Finance,Development,5,29,14,0
2762,Marketing,Support,3,18,17,1
2763,Tech,Support,4,6,13,1
2764,Marketing,Payment,1,18,19,1
2765,Marketing,Campaign,1,20,15,0
2766,HR,Development,5,16,14,0
2767,Finance,Support,5,15,2,1
2768,Tech,Payment,2,16,7,1
2769,Marketing,Hiring,5,8,17,0
2770,Marketing,Support,2,13,18,0
2771,Tech,Payment,1,23,6,0
2772,Marketing,Campaign,2,11,8,0
2773,HR,Campaign,2,28,2,1
2774,HR,Support,3,29,1,1
2775,HR,Support,5,25,16,1
2776,HR,Development,2,7,7,0
2777,Marketing,Payment,1,17,11,0
2778,Tech,Support,4,18,15,0
2779,Tech,Development,2,22,13,1
2780,Tech,Development,5,23,2,1
2781,Tech,Support,3,19,14,1
2782,Finance,Campaign,1,25,6,0
2783,Tech,Payment,3,13,9,0
2784,Finance,Payment,4,15,7,1
2785,Finance,Campaign,2,23,18,0
2786,HR,Support,2,30,9,1
2787,Finance,Payment,5,22,4,1
2788,Marketing,Support,2,29,9,1
2789,Finance,Support,1,22,4,1
2790,HR,Development,4,1,12,0
2791,Finance,Campaign,3,29,4,0
2792,Marketing,Support,4,16,20,0
2793,Marketing,Hiring,2,5,14,0
2794,Marketing,Campaign,3,26,7,0
2795,HR,Payment,5,3,13,0
2796,HR,Development,4,23,8,1
2797,Tech,Payment,3,10,5,0
2798,HR,Payment,3,19,12,0
2799,Marketing,Campaign,3,5,13,0
2800,Marketing,Payment,1,7,20,1
2801,HR,Support,4,14,14,0
2802,Finance,Payment,3,3,18,1
2803,HR,Development,4,13,20,0
2804,HR,Development,3,13,4,0
2805,Marketing,Hiring,5,10,18,0
2806,Tech,Development,5,2,7,1
2807,Marketing,Payment,5,6,15,1
2808,Tech,Development,2,8,6,0
2809,Marketing,Campaign,3,4,16,0
2810,HR,Development,2,25,20,0
2811,Marketing,Support,4,12,8,1
2812,Marketing,Campaign,2,28,16,1
2813,Marketing,Hiring,4,15,16,0
2814,HR,Support,4,8,3,1
2815,HR,Payment,4,7,17,1
2816,HR,Payment,2,14,9,1
2817,HR,Payment,3,23,3,1
2818,Tech,Support,2,19,20,0
2819,Tech,Support,3,14,7,0
2820,Finance,Support,3,22,18,1
2821,HR,Campaign,4,13,12,1
2822,Tech,Campaign,2,29,19,1
2823,Marketing,Payment,3,21,16,0
2824,HR,Development,5,1,17,0
2825,Finance,Payment,3,27,20,1
2826,Finance,Hiring,5,19,15,1
2827,Finance,Campaign,2,29,1,1
2828,Marketing,Support,2,28,2,1
2829,Tech,Campaign,2,1,8,0
2830,Marketing,Support,3,4,2,0
2831,HR,Hiring,1,10,19,0
2832,Finance,Hiring,3,3,9,0
2833,Marketing,Campaign,3,27,9,0
2834,Marketing,Support,4,20,13,0
2835,Tech,Hiring,4,9,6,1
2836,Tech,Payment,3,3,15,1
2837,Finance,Payment,5,28,19,0
2838,Marketing,Support,4,6,15,0
2839,Marketing,Campaign,3,6,18,0
2840,Tech,Hiring,1,23,7,1
2841,Marketing,Campaign,5,25,11,1
2842,Marketing,Payment,2,12,8,1
2843,Marketing,Hiring,3,23,6,1
2844,Tech,Campaign,3,30,8,0
2845,Finance,Development,5,1,2,1
2846,HR,Support,4,16,19,0
2847,Finance,Support,4,24,16,1
2848,HR,Development,4,5,7,1
2849,Marketing,Payment,2,9,10,1
2850,Finance,Hiring,5,10,12,1
2851,HR,Support,5,13,17,0
2852,Tech,Development,4,15,7,0
2853,Tech,Development,4,12,8,0
2854,Finance,Payment,1,5,7,0
2855,Finance,Payment,1,5,4,0
2856,Marketing,Campaign,3,28,3,0
2857,Finance,Support,3,28,19,0
2858,Marketing,Campaign,5,30,15,1
2859,Marketing,Development,5,18,4,0
2860,Tech,Hiring,2,12,9,1
2861,Tech,Hiring,2,27,13,0
2862,HR,Payment,1,3,18,1
2863,Tech,Hiring,3,26,16,0
2864,Tech,Hiring,1,25,1,1
2865,Finance,Hiring,1,7,4,0
2866,Tech,Development,3,17,18,0
2867,HR,Hiring,2,19,8,0
2868,Finance,Hiring,3,28,20,0
2869,HR,Hiring,4,18,16,1
2870,Tech,Campaign,4,1,11,0
2871,HR,Development,4,25,20,0
2872,Finance,Payment,5,24,19,1
2873,Marketing,Campaign,2,5,19,0
2874,HR,Support,2,27,18,1
2875,HR,Development,5,28,19,1
2876,Finance,Development,1,2,11,0
2877,Finance,Support,4,1,3,0
2878,HR,Support,4,7,8,1
2879,Tech,Support,1,29,20,0
2880,HR,Payment,3,11,19,1
2881,Finance,Hiring,3,11,10,0
2882,Marketing,Development,2,18,16,0
2883,Marketing,Hiring,5,17,5,1
2884,Tech,Hiring,2,2,20,0
2885,HR,Support,3,7,9,0
2886,Marketing,Payment,1,7,8,0
2887,HR,Campaign,2,10,11,1
2888,Finance,Payment,4,22,16,0
2889,Marketing,Hiring,4,21,7,1
2890,Tech,Payment,1,3,15,0
2891,Finance,Support,3,30,20,1
2892,Tech,Campaign,4,12,17,0
2893,Finance,Support,4,3,6,0
2894,Marketing,Campaign,5,11,15,1
2895,Tech,Hiring,2,29,8,0
2896,Tech,Campaign,3,12,7,1
2897,Finance,Campaign,2,25,2,0
2898,Tech,Campaign,3,4,13,1
2899,Finance,Payment,4,25,6,0
2900,Finance,Payment,5,16,5,1
2901,Finance,Hiring,2,20,20,0
2902,Finance,Campaign,4,18,1,1
2903,Marketing,Development,3,4,18,1
2904,Finance,Hiring,2,22,15,0
2905,HR,Campaign,2,6,10,1
2906,Tech,Campaign,4,21,3,1
2907,HR,Payment,2,15,5,0
2908,Marketing,Hiring,5,1,13,0
2909,HR,Campaign,5,3,8,0
2910,Tech,Campaign,4,5,2,0
2911,HR,Hiring,3,22,9,0
2912,Marketing,Development,4,30,17,0
2913,Finance,Hiring,5,17,18,1
2914,HR,Hiring,1,30,13,1
2915,Marketing,Development,1,14,1,1
2916,Marketing,Hiring,2,9,12,0
2917,Tech,Campaign,2,30,20,0
2918,Tech,Hiring,1,3,20,1
2919,HR,Development,5,26,5,1
2920,Finance,Support,2,13,8,0
2921,Marketing,Hiring,4,3,15,1
2922,HR,Payment,4,11,3,0
2923,Marketing,Campaign,5,2,6,0
2924,Marketing,Campaign,2,24,13,1
2925,Finance,Payment,4,15,12,0
2926,Finance,Payment,2,13,19,0
2927,HR,Hiring,2,19,18,0
2928,Finance,Payment,4,22,1,0
2929,Finance,Support,1,16,7,1
2930,HR,Development,4,18,12,0
2931,Finance,Payment,5,7,10,0
2932,Tech,Payment,3,13,12,1
2933,Marketing,Support,4,4,11,0
2934,Marketing,Campaign,2,9,4,0
2935,Marketing,Campaign,2,30,19,1
2936,Marketing,Hiring,4,10,6,1
2937,HR,Support,3,9,9,0
2938,Marketing,Development,4,7,20,0
2939,Marketing,Development,3,15,10,1
2940,Marketing,Support,3,28,5,0
2941,Marketing,Development,5,8,13,0
2942,Tech,Campaign,2,19,9,0
2943,Marketing,Development,2,11,2,1
2944,Tech,Development,3,5,18,0
2945,HR,Support,2,2,1,1
2946,Finance,Support,1,10,12,1
2947,Marketing,Development,3,16,10,1
2948,Finance,Payment,2,23,2,1
2949,Finance,Support,1,13,9,0
2950,HR,Hiring,5,8,2,1
2951,Finance,Hiring,2,9,14,0
2952,Tech,Campaign,1,11,11,1
2953,Finance,Development,4,11,11,1
2954,Finance,Payment,4,23,17,0
2955,Finance,Campaign,1,26,4,1
2956,Marketing,Development,3,16,13,1
2957,Marketing,Support,3,10,7,0
2958,Tech,Hiring,2,29,16,1
2959,Tech,Payment,4,24,1,1
2960,Marketing,Hiring,3,12,13,1
2961,Tech,Support,3,25,1,0
2962,Marketing,Development,4,6,11,1
2963,HR,Support,5,28,6,0
2964,Finance,Support,3,12,20,0
2965,Finance,Hiring,1,10,3,0
2966,Tech,Payment,2,18,12,1
2967,Marketing,Support,3,18,5,1
2968,Marketing,Hiring,3,4,9,1
2969,Tech,Payment,5,9,12,1
2970,Marketing,Development,1,7,10,0
2971,HR,Development,2,18,19,0
2972,Finance,Campaign,3,8,5,1
2973,Tech,Hiring,2,11,5,1
2974,Tech,Payment,4,7,9,0
2975,Marketing,Support,3,9,20,1
2976,Tech,Development,3,8,17,1
2977,HR,Payment,4,3,10,1
2978,Marketing,Hiring,5,17,1,1
2979,Marketing,Campaign,3,2,16,1
2980,Marketing,Development,2,15,15,1
2981,Marketing,Payment,1,14,17,0
2982,HR,Payment,2,29,20,0
2983,Marketing,Payment,5,18,13,0
2984,Tech,Hiring,1,16,1,0
2985,HR,Hiring,2,20,8,1
2986,Finance,Hiring,2,22,5,1
2987,Finance,Support,4,4,6,0
2988,Tech,Payment,5,25,20,0
2989,Tech,Development,4,20,14,0
2990,HR,Hiring,1,6,11,0
2991,Finance,Hiring,4,6,6,0
2992,Finance,Payment,5,26,11,1
2993,Finance,Hiring,3,11,13,1
2994,Finance,Support,3,26,12,0
2995,Finance,Support,1,17,2,0
2996,Marketing,Hiring,3,24,3,1
2997,Tech,Payment,4,28,4,1
2998,Marketing,Payment,1,3,17,1
2999,Finance,Payment,5,13,6,0
3000,HR,Campaign,1,22,7,1
